date, pm25, pm10, o3, no2, so2, co,
1/10/2021,54,31,14,3, , ,
2/10/2021,60,34,11,5, , ,
3/10/2021,67,32,10,2,4, ,
4/10/2021,64,38,4,4,11, ,
5/10/2021,69,27,7,3,5, ,
6/10/2021,53,24,8,3,1, ,
7/10/2021,46,23,6,2,2, ,
8/10/2021,43,30,5,3,1, ,
9/10/2021,55,28,7,2,3, ,
10/10/2021,55,36,10,4,1, ,
11/10/2021,63,34,10,4,1, ,
12/10/2021,65,33,8,2, , ,
13/10/2021,57,32,13,4, , ,
14/10/2021,61,41,14,4,1, ,
15/10/2021,78,34,15,3,1, ,
16/10/2021,68,24,8,2, , ,
17/10/2021,53,29,12,3, , ,
18/10/2021,60,21,10,2, , ,
19/10/2021,42,32,8,4,14, ,
20/10/2021,63,29,8,4, , ,
21/10/2021,55,32,12,5, , ,
22/10/2021,64,37,15,5, , ,
23/10/2021,74,28,10,5, , ,
24/10/2021,59,35,10,5, , ,
25/10/2021,68,29,11,3, , ,
26/10/2021,58,26,10,4, , ,
27/10/2021,51,29,15, , , ,
28/10/2021,58,23,10,1, , ,
29/10/2021,47,23,10,2, , ,
30/10/2021,49,23,7,2, , ,
31/10/2021,50,22,8,2, , ,
1/11/2021,48,32,7,4, , ,
2/11/2021,68,26,10,3,2, ,
3/11/2021,48,22,7,2, , ,
4/11/2021,47,18,6,1, , ,
5/11/2021,38,31,15,4, , ,
6/11/2021,72,20,10,2, , ,
7/11/2021,40,25,11,2, , ,
8/11/2021,51,21,7,2, , ,
9/11/2021,39,20,7,3, , ,
10/11/2021,38,17,7,3, , ,
11/11/2021,36,17,8,2, , ,
12/11/2021,36,29,4,4, , ,
13/11/2021,55,30,7,3, , ,
14/11/2021,57,33,9,3, , ,
15/11/2021,60,24,8,1, , ,
16/11/2021,47,17,7,1, , ,
17/11/2021,34,21,8,3, , ,
18/11/2021,41,26,14,4, , ,
19/11/2021,49,29,9,3, , ,
20/11/2021,55,31,10,3, , ,
21/11/2021,62,24,8,3, , ,
22/11/2021,50,22,9,3, , ,
23/11/2021,44,17,7,2, , ,
24/11/2021,31,19,8,3, , ,
25/11/2021,39,19,10,2, , ,
26/11/2021,36,22,14,3, , ,
27/11/2021,46,19,12,4, , ,
28/11/2021,42,18,11,4, , ,
29/11/2021,48,22,14,3, , ,
30/11/2021,43,22,9,3, , ,
1/12/2021,43,20,13,2, , ,
2/12/2021,40,28,16,2, , ,
3/12/2021,56,30,17,2,3, ,
4/12/2021,86,30,20,2,2, ,
5/12/2021,60,33,20,3,2, ,
6/12/2021,61,30,21,2, , ,
7/12/2021,56,29,21,1, , ,
8/12/2021,52,35,19,3, , ,
9/12/2021,67,30,14,2, , ,
10/12/2021,54,31,15,1, , ,
11/12/2021,55,34,17,2, , ,
12/12/2021,58,32,15,2, , ,
13/12/2021,55,33,15,2, , ,
14/12/2021,56,34,20,1, , ,
15/12/2021,62,40,21,2, , ,
16/12/2021,79,27,16,3, , ,
17/12/2021,65,32,15,1, , ,
18/12/2021,61,32,11,4, , ,
19/12/2021,62,30,16,2, , ,
20/12/2021,56,30,15,2, , ,
21/12/2021,62,27,16,3, , ,
22/12/2021,55,33,16,2, , ,
23/12/2021,66,28,13,2, , ,
24/12/2021,58,27,9,2, , ,
25/12/2021,54,27,7,1, , ,
26/12/2021,52,31,8,2, , ,
27/12/2021,62,30,12,1, , ,
28/12/2021,62,23,10, , , ,
29/12/2021,42,30,14, , , ,
30/12/2021,52,35,13,1, , ,
31/12/2021,56,33,14, , , ,
1/1/2022,60, , , , , ,
1/7/2021,60,33,12,3, , ,
2/7/2021,66,30,8,3, , ,
3/7/2021,59,29,7,3, , ,
4/7/2021,56,29,6,4, , ,
5/7/2021,54,32,6,3, , ,
6/7/2021,58,29,6,3, , ,
7/7/2021,54,35,10,4, , ,
8/7/2021,63,29,5,5, , ,
9/7/2021,59,21,6,3, , ,
10/7/2021,39,21,7,2, , ,
11/7/2021,41,32,10,3, , ,
12/7/2021,60,29,13,3, , ,
13/7/2021,56,34,13,4,1, ,
14/7/2021,65,33,12,4, , ,
15/7/2021,62,28,12,2, , ,
16/7/2021,57,40,17,3, , ,
17/7/2021,74,48,14,2, , ,
18/7/2021,91,48,13,5, , ,
19/7/2021,90,43,11,3, , ,
20/7/2021,78,48,13,3, , ,
21/7/2021,89,44,17,3, , ,
22/7/2021,82,43,10,5, , ,
23/7/2021,83,36,9,5, , ,
24/7/2021,69,32,9,3, , ,
25/7/2021,62,38,8,4, , ,
26/7/2021,71,31,6,3, , ,
27/7/2021,53,28,8,3,6, ,
28/7/2021,50,31,8,4, , ,
29/7/2021,60,24,5,4, , ,
30/7/2021,46,28,6,4, , ,
31/7/2021,56,24,7,2,2, ,
1/8/2021,42,28,7,4, , ,
2/8/2021,51,30,7,3, , ,
3/8/2021,52,25,7,2, , ,
4/8/2021,43,26,8,2, , ,
5/8/2021,50,39,9,4,4, ,
6/8/2021,76,34,9,3, , ,
7/8/2021,64,27,15,2, , ,
8/8/2021,49,31,6,3, , ,
9/8/2021,56,21,6,1, , ,
10/8/2021,43,25,21,3, , ,
11/8/2021,49,31,195,3, , ,
12/8/2021,60,32,49,2, , ,
13/8/2021,70,34,50,3, , ,
14/8/2021,67,31,8,4, , ,
15/8/2021,65,26,6,3, , ,
16/8/2021,55,27,8,3, , ,
17/8/2021,52,31,52,3, , ,
18/8/2021,61,30,12,3, , ,
19/8/2021,58,26,10,3, , ,
20/8/2021,54,33,15,3, , ,
21/8/2021,77,24,7,2, , ,
22/8/2021,48,27,8,4, , ,
23/8/2021,50,26,5,3, , ,
24/8/2021,51,28,6,3, , ,
25/8/2021,53,25,8,2, , ,
26/8/2021,46,33,8,3, , ,
27/8/2021,60,37,12,4, , ,
28/8/2021,73,34,11,3, , ,
29/8/2021,73,31,11,3, , ,
30/8/2021,64,26,7,3, , ,
31/8/2021,54,33,7,3,2, ,
1/9/2021,64,31,6,4,2, ,
2/9/2021,60,38,11,5,3, ,
3/9/2021,73,41,12,5,6, ,
4/9/2021,72,49,9,6,7, ,
5/9/2021,96,40,8,4, , ,
6/9/2021,73,37,6,3,2, ,
7/9/2021,67,32,5,3,9, ,
8/9/2021,55,22,5,3, , ,
9/9/2021,45,34,4,4, , ,
10/9/2021,59,31,12,3, , ,
11/9/2021,57,30,6,3,1, ,
12/9/2021,57,24,5,2,1, ,
13/9/2021,44,38,6,5,2, ,
14/9/2021,67,32,7,4,3, ,
15/9/2021,60,36,10,5, , ,
16/9/2021,70,38,10,6,1, ,
17/9/2021,75,37,14,3,1, ,
18/9/2021,72,28,8,3,2, ,
19/9/2021,58,23,6,2,6, ,
20/9/2021,39,28,6,4,6, ,
21/9/2021,54,29,5,4, , ,
22/9/2021,52,37,13,4, , ,
23/9/2021,68,39,14,4, , ,
24/9/2021,74,32,5,4, , ,
25/9/2021,59,23,5,2, , ,
26/9/2021,41,25,8,3, , ,
27/9/2021,50,21,8,1, , ,
28/9/2021,38,30,9,4, , ,
29/9/2021,60,29,12,2, , ,
30/9/2021,56,27,12,3, , ,
1/4/2021,58,34,10,5,1, ,
2/4/2021,60,40,14,6,1, ,
3/4/2021,73,35,10,5,2, ,
4/4/2021,66,35,11,3, , ,
5/4/2021,60,26,10,3,1, ,
6/4/2021,47,30,10,4, , ,
7/4/2021,56,36,12,4, , ,
8/4/2021,68,40,13,3,1, ,
9/4/2021,72,40,12,3,1, ,
10/4/2021,76,41,11,1,1, ,
11/4/2021,79,29,11,3, , ,
12/4/2021,58,30,12,3,1, ,
13/4/2021,60,27,15,4,1, ,
14/4/2021,59,32,14,6,2, ,
15/4/2021,64,38,15,5,2, ,
16/4/2021,67,33,15,3,3, ,
17/4/2021,64,26,14,3,3, ,
18/4/2021,51,28,7,3, , ,
19/4/2021,51,29,10,4, , ,
20/4/2021,50,28,9,3, , ,
21/4/2021,52,33,7,4, , ,
22/4/2021,63,36,6,5,1, ,
23/4/2021,66,28,8,4,1, ,
24/4/2021,50,28,9,4,5, ,
25/4/2021,65,31,9,4, , ,
26/4/2021,61,24,9,3, , ,
27/4/2021,47,30,11,4, , ,
28/4/2021,55,34,13,4, , ,
29/4/2021,67,32,21,5, , ,
30/4/2021,66,34,17,3, , ,
1/5/2021,63,26,11,3, , ,
2/5/2021,52,27,9,2, , ,
3/5/2021,54,26,9,2,1, ,
4/5/2021,51,22,9,4, , ,
5/5/2021,41,25,8,4, , ,
6/5/2021,46,20,8,2,1, ,
7/5/2021,35,26,7,3,1, ,
8/5/2021,49,26,10,1, , ,
9/5/2021,60,26,8,2, , ,
10/5/2021,54,21,8,1, , ,
11/5/2021,42,34,10,5, , ,
12/5/2021,64,33,15,3, , ,
13/5/2021,65,31,11,3, , ,
14/5/2021,60,28,12,3, , ,
15/5/2021,55,32,10,4, , ,
16/5/2021,67,32,12,4, , ,
17/5/2021,63,28,9,4, , ,
18/5/2021,52,31,10,5, , ,
19/5/2021,58,29,7,4, , ,
20/5/2021,53,36,6,5, , ,
21/5/2021,70,33,7,5, , ,
22/5/2021,57,36,7,2,5, ,
23/5/2021,74,35,7,4, , ,
24/5/2021,60,32,8,3, , ,
25/5/2021,58,28,2,3,1, ,
26/5/2021,53,28, ,3,1, ,
27/5/2021,51,30,1,3,1, ,
28/5/2021,55,29,3,2,12, ,
29/5/2021,58,33,2,4, , ,
30/5/2021,69,35,3,4,7, ,
31/5/2021,72,40,2,5, , ,
1/6/2021,78,36,1,4, , ,
2/6/2021,78,37,1,4,1, ,
3/6/2021,75,37,2,5, , ,
4/6/2021,72,30,2,5, , ,
5/6/2021,65,33,1,6,1, ,
6/6/2021,63,34,1,3,3, ,
7/6/2021,58,38,6,4,8, ,
8/6/2021,72,35,8,3, , ,
9/6/2021,68,38,6,5, , ,
10/6/2021,72,37,7,4, , ,
11/6/2021,63,29,8,3, , ,
12/6/2021,58,38,13,3, , ,
13/6/2021,77,34,10,3, , ,
14/6/2021,69,30,10,4, , ,
15/6/2021,60,35,11,4, , ,
16/6/2021,71,32,14,3, , ,
17/6/2021,67,33,11,4, , ,
18/6/2021,68,37,9,4,1, ,
19/6/2021,74,32,8,3,1, ,
20/6/2021,66,26,8,4,2, ,
21/6/2021,51,36,8,4,6, ,
22/6/2021,73,27,8,2, , ,
23/6/2021,51,35,10,3, , ,
24/6/2021,66,28,8,2, , ,
25/6/2021,51,31,10,3, , ,
26/6/2021,58,34,12,3, , ,
27/6/2021,65,30,9,3, , ,
28/6/2021,58,27,7,3, , ,
29/6/2021,50,32,8,5, , ,
30/6/2021,60,31,11,3, , ,
4/1/2021,46,26,15,2, , ,
5/1/2021,52,23,11,2, , ,
6/1/2021,45,26,11, , , ,
7/1/2021,44,31,12,1, , ,
8/1/2021,47,35,16,1, , ,
9/1/2021,52,30,15,2, , ,
10/1/2021,58,31,18,2, , ,
11/1/2021,54,34,19,1, , ,
12/1/2021,53,37,25,2,3, ,
13/1/2021,64,37,22,2, , ,
14/1/2021,70,39,21,2, , ,
15/1/2021,73,34,16,1, , ,
16/1/2021,62,36,18, , , ,
17/1/2021,65,45,18,1, , ,
18/1/2021,69,44,17,1, , ,
19/1/2021,73,32,19,1, , ,
20/1/2021,60,45,21,4, , ,
21/1/2021,85,83,19,4, , ,
22/1/2021,130,35,17,2, , ,
23/1/2021,72,26,11,1, , ,
24/1/2021,56,26,13,1, , ,
25/1/2021,50,33,15,2, , ,
26/1/2021,62,25,7,1, , ,
27/1/2021,45,28,8,1,6, ,
28/1/2021,59,33,12,1, , ,
29/1/2021,58,38,18,1, , ,
30/1/2021,64,41,17,1, , ,
31/1/2021,70,36,16,1, , ,
1/2/2021,58,36,14,1, , ,
2/2/2021,60,38,17,1, , ,
3/2/2021,65,31,12,1, , ,
4/2/2021,52,29,11,1, , ,
5/2/2021,51,31,10,1, , ,
6/2/2021,56,28,9, , , ,
7/2/2021,53,26,7,1, , ,
8/2/2021,50,28,7,1, , ,
9/2/2021,47,28,7,2, , ,
10/2/2021,52,26,8,2, , ,
11/2/2021,50,26,11,1,11, ,
12/2/2021,50,29,15,1, , ,
13/2/2021,56,37,8,2, , ,
14/2/2021,70,38,1,2, , ,
15/2/2021,73,43, ,1, , ,
16/2/2021,80,43,19,2, , ,
17/2/2021,79,32,15,2, , ,
18/2/2021,59,37,17,1, , ,
19/2/2021,60,41,14,1, , ,
20/2/2021,64,39,13,1, , ,
21/2/2021,63,37,19,2, , ,
22/2/2021,65,54,24,4, , ,
23/2/2021,107,52,21,5, , ,
24/2/2021,104,51,20,4, , ,
25/2/2021,95,40,13,4,7, ,
26/2/2021,78,41,16,3, , ,
27/2/2021,75,44,17,3, , ,
28/2/2021,87,33,13,1, , ,
1/3/2021,64,31,11,2, , ,
2/3/2021,65,25,9,1, , ,
3/3/2021,50,25,7,1, , ,
4/3/2021,51,31,6,1, , ,
5/3/2021,52,28,7,1, , ,
6/3/2021,50,26,8,2, , ,
7/3/2021,51,25,9,1, , ,
8/3/2021,46,31,11,2, , ,
9/3/2021,60,35,11,2, , ,
10/3/2021,60,31,8,1, , ,
11/3/2021,53,32,10,1,8, ,
12/3/2021,56,34,11,2, , ,
13/3/2021,59,34,11,2, , ,
14/3/2021,60,34,11,2, , ,
15/3/2021,59,31,10,1,1, ,
16/3/2021,57,34,12,3,1, ,
17/3/2021,63,38,14,4, , ,
18/3/2021,71,34,13,3, , ,
19/3/2021,63,32,11,3, , ,
20/3/2021,60,29,9,3, , ,
21/3/2021,57,21,8,1,1, ,
22/3/2021,43,34,13,1,1, ,
23/3/2021,55,30,12,3,1, ,
24/3/2021,53,26,7,2,4, ,
25/3/2021,50,29,6,3, , ,
26/3/2021,53,27,6,2, , ,
27/3/2021,54,20,8,3, , ,
28/3/2021,39,26,14,3, , ,
29/3/2021,47,30,15,4,1, ,
30/3/2021,56,27,12,4,1, ,
31/3/2021,49,34,9,6, , ,
1/10/2020,104,40,5,4, , ,
2/10/2020,82,40,6,4, , ,
3/10/2020,84,44,7,5, , ,
4/10/2020,80,46,6,6, , ,
5/10/2020,91,48,7,5, , ,
6/10/2020,95,43,5,5, , ,
7/10/2020,83,39,6,4, , ,
8/10/2020,80,43,5,5, , ,
9/10/2020,84,42,5,6, , ,
10/10/2020,88,40,5,5, , ,
11/10/2020,85,39,5,6, , ,
12/10/2020,82,36,4,5,5, ,
13/10/2020,82,43,6,6, , ,
14/10/2020,86,42,5,6, , ,
15/10/2020,84,45,5,5, , ,
16/10/2020,86,44,4,5, , ,
17/10/2020,86,44,6,5, , ,
18/10/2020,88,45,12,5, , ,
19/10/2020,89,45,9,4, , ,
20/10/2020,91,42,7,4, , ,
21/10/2020,86,42,6,5, , ,
22/10/2020,88,45,5,5, , ,
23/10/2020,87,43,9,4, , ,
24/10/2020,88,41,5,5, , ,
25/10/2020,83,46,6,6, , ,
26/10/2020,85,45,7,5, , ,
27/10/2020,90,42,5,4, , ,
28/10/2020,83,41,6,3, , ,
29/10/2020,82,39,9,3, , ,
30/10/2020,82,38,10,3, , ,
31/10/2020,81,40,10,4, , ,
1/11/2020,84,45,9,5, , ,
2/11/2020,92,44,11,5, , ,
3/11/2020,89,43,12,3, , ,
4/11/2020,89,43,13,3, , ,
5/11/2020,89,48,15,6, , ,
6/11/2020,96,44,12,5, , ,
7/11/2020,85,43,10,4, , ,
8/11/2020,84,41,15,3, , ,
9/11/2020,89,43,15,3, , ,
10/11/2020,87,54,23,3, , ,
11/11/2020,109,82,15,4,2, ,
12/11/2020,130,33,11,3, , ,
13/11/2020,78,38,11,2, , ,
14/11/2020,82,32,11,1, , ,
15/11/2020,76,42,16,2, , ,
16/11/2020,89,36,7,3, , ,
17/11/2020,78,34,9,2, , ,
18/11/2020,75,34,7,3, , ,
19/11/2020,76,37,7,3, , ,
20/11/2020,81,36,5,4, , ,
21/11/2020,81,32,6,3, , ,
22/11/2020,75,32,8,4, , ,
23/11/2020,74,37,10,2, , ,
24/11/2020,80,35,10,4, , ,
25/11/2020,79,34,11,2, , ,
26/11/2020,75,33,11,4, , ,
27/11/2020,75,44,13,2, , ,
28/11/2020,87,38,14,3, , ,
29/11/2020,83,32,25,3,19, ,
30/11/2020,76,30,7,5, , ,
1/12/2020,73,31,10,3, , ,
2/12/2020,73,35,14,3, , ,
3/12/2020,75,46,17,3, , ,
4/12/2020,87,47,19,2, , ,
5/12/2020,91,44,18,2, , ,
6/12/2020,90,48,17,4, , ,
7/12/2020,99,47,17,3, , ,
8/12/2020,97,49,17,3, , ,
9/12/2020,100,41,19,3, , ,
10/12/2020,91,50,20,3, , ,
11/12/2020,106,55,22,4, , ,
12/12/2020,122,41,8,5, , ,
13/12/2020,92,36,7,3,4, ,
14/12/2020,83,37,6,2,1, ,
15/12/2020,78,34,8,2,1, ,
16/12/2020,78,70,7,8,1, ,
17/12/2020,109,35,6,8,1, ,
18/12/2020,82,38,12,4,1, ,
19/12/2020,83,34,18,2,1, ,
20/12/2020,77,41,16,3,1, ,
21/12/2020,84,48,19,1,1, ,
22/12/2020,93,38,22,2, , ,
23/12/2020,86,65,17,3, , ,
24/12/2020,102,21,13,2, , ,
25/12/2020,44,20,11,2, , ,
26/12/2020,35,24,9,3,1, ,
27/12/2020,48,27,12,1, , ,
28/12/2020,51,30,12,2,5, ,
29/12/2020,58,35,14,3, , ,
30/12/2020,68,31,17,2, , ,
31/12/2020,58,37,21,1, , ,
1/1/2021,68,32,19,1, , ,
2/1/2021,58,28,18,2, , ,
3/1/2021,58,23,15,2, , ,
1/7/2020,85,39,14,6, , ,
2/7/2020,87,41,7,8, , ,
3/7/2020,89,45,9,7, , ,
4/7/2020,93,34,10,4, , ,
5/7/2020,76,25,7,4,1, ,
6/7/2020,61,24,7,3, , ,
7/7/2020,58,21,7,4, , ,
8/7/2020,56,19,6,3, , ,
9/7/2020,52,20,5,4, , ,
10/7/2020,50,23,7,5, , ,
11/7/2020,57,20,6,4,9, ,
12/7/2020,48,63,4,6, , ,
13/7/2020,104,57,19,13, , ,
14/7/2020,55,28,13,4, , ,
15/7/2020,65,69,48,7,18, ,
16/7/2020,110,27,16,5, , ,
17/7/2020,69,25,8,6, , ,
18/7/2020,62,20,13,4, , ,
19/7/2020,57,21,14,5, , ,
20/7/2020,59,28,10,6, , ,
21/7/2020,65,27,10,6, , ,
22/7/2020,64,22,10,5, , ,
23/7/2020,60,20,15,5, , ,
24/7/2020,57,19,12,5, , ,
25/7/2020,52,18,12,4, , ,
26/7/2020,53,26,12,4, , ,
27/7/2020,63,33,6,4, , ,
28/7/2020,82,23,5,4, , ,
29/7/2020,55,25,11,5, , ,
30/7/2020,63,27,5,6, , ,
31/7/2020,59,24,6,6, , ,
1/8/2020,49,19,11,4, , ,
2/8/2020,50,28,14,6, , ,
3/8/2020,68,49,13,8, , ,
4/8/2020,107,41,11,9, , ,
5/8/2020,92,40,15,7, , ,
6/8/2020,87,36,11,6, , ,
7/8/2020,87,38,10,6, , ,
8/8/2020,90,26,7,4, , ,
9/8/2020,60,22,9,4, , ,
10/8/2020,54,23,8,4, , ,
11/8/2020,54,59,6,4,2, ,
12/8/2020,55,18,7,3, , ,
13/8/2020,44,24,12,5, , ,
14/8/2020,58,33,15,6, , ,
15/8/2020,75,30,13,4, , ,
16/8/2020,73,32,8,5, , ,
17/8/2020,75,38,7,5, , ,
18/8/2020,76,33,7,6, , ,
19/8/2020,72,27,13,4, , ,
20/8/2020,66,31,14,6, , ,
21/8/2020,74,28,8,5, , ,
22/8/2020,66,24,11,3, , ,
23/8/2020,68, , , , , ,
31/8/2020,75,38,15,5, , ,
1/9/2020,72,47,14,5, , ,
2/9/2020,118,139,16,4, , ,
3/9/2020,230,45,12,6, , ,
4/9/2020,95,45,13,5, , ,
5/9/2020,92,40,6,4,1, ,
6/9/2020,86,44,11,4, , ,
7/9/2020,93,48,13,7, , ,
8/9/2020,102,46,8,6, , ,
9/9/2020,95,46,10,6, , ,
10/9/2020,109,35,5,5, , ,
11/9/2020,78,41,7,6, , ,
12/9/2020,87,40,8,5, , ,
13/9/2020,84,79,11,6, , ,
14/9/2020,89,40,7,5, , ,
15/9/2020,86,45,5,6, , ,
16/9/2020,85,39,5,3, , ,
17/9/2020,80,38,3,4, , ,
18/9/2020,81,44,11,5, , ,
19/9/2020,94,39,8,3, , ,
20/9/2020,83,39,11,2, , ,
21/9/2020,83,43,10,4,1, ,
22/9/2020,90,48,6,6, , ,
23/9/2020,96,40,9,4, , ,
24/9/2020,72,39,15,4, , ,
25/9/2020,75,40,6,4, , ,
26/9/2020,79,40,5,4, , ,
27/9/2020,86,40,4,4, , ,
28/9/2020,85,83,13,6, , ,
29/9/2020,129,48,9,7, , ,
30/9/2020,100,49,6,6, , ,
1/4/2020,53,19,7,1, , ,
2/4/2020,53,16,6,1, , ,
3/4/2020,41,18,9,1, , ,
4/4/2020,46,20,8,2, , ,
5/4/2020,51,19,9,2, , ,
6/4/2020,49,19,8,1, , ,
7/4/2020,48,23,12,1, , ,
8/4/2020,60,20,12, , , ,
9/4/2020,55,17,10,1, , ,
10/4/2020,46,15,9,1, , ,
11/4/2020,42,17,9, , , ,
12/4/2020,51,17,11,1, , ,
13/4/2020,49,17,11,1, , ,
14/4/2020,51,15,10, , , ,
15/4/2020,47,17,10, , , ,
16/4/2020,45,28,11,3, , ,
17/4/2020,68,17,10,1, , ,
18/4/2020,54,20,9,2, , ,
19/4/2020,54,19,9, , , ,
20/4/2020,50,16,7,1, , ,
21/4/2020,50,15,6,1, , ,
22/4/2020,47,14,6,1, , ,
23/4/2020,40,24,8,2, , ,
24/4/2020,57,17,8,1, , ,
25/4/2020,44,13,9,1,29, ,
26/4/2020,39,9,9,1, , ,
27/4/2020,26,8,9,1, , ,
28/4/2020,26,14,11,1,4, ,
29/4/2020,42,11,9,1, , ,
30/4/2020,33,12,7,1, , ,
1/5/2020,42,17,8,2, , ,
2/5/2020,52,21,9,1,1, ,
3/5/2020,56,20,9,2, , ,
4/5/2020,53,31,11,3, , ,
5/5/2020,73,23,10,2,1, ,
6/5/2020,62,28,9,3,5, ,
7/5/2020,69,24,10,4,12, ,
8/5/2020,67,25,10,3, , ,
9/5/2020,70,23,12,2, , ,
10/5/2020,62,22,9,4, , ,
11/5/2020,59,20,6,4, , ,
12/5/2020,55,23,7,5, , ,
13/5/2020,61,23,6,4,8, ,
14/5/2020,60,25,12,3, , ,
15/5/2020,62,21,7,4, , ,
16/5/2020,60,24,6,3,3, ,
17/5/2020,60,24,12,3, , ,
18/5/2020,55,20,11,4, , ,
19/5/2020,54,26,11,5, , ,
20/5/2020,60,32,7,3, , ,
21/5/2020,65,32,8,4, , ,
22/5/2020,67,27,8,3, , ,
23/5/2020,63,24,8,2, , ,
24/5/2020,69,21,12,2, , ,
25/5/2020,59,29,8,4, , ,
26/5/2020,68,25,14,3, , ,
27/5/2020,62,28,16,3,2, ,
28/5/2020,65,65,6,4, , ,
29/5/2020,71,23,9,3,1, ,
30/5/2020,60,26,10,3, , ,
31/5/2020,68,24,13,4,2, ,
1/6/2020,65,23,9,2,2, ,
2/6/2020,59,26,10,5, , ,
3/6/2020,66,33,9,5,1, ,
4/6/2020,73,18,5,3,2, ,
5/6/2020,49,20,6,3, , ,
6/6/2020,51,25,6,4,1, ,
7/6/2020,62,22,6,3,1, ,
8/6/2020,53,27,11,4,2, ,
9/6/2020,65,32,10,5, , ,
10/6/2020,78,30,10,4,1, ,
11/6/2020,74,25,5,4,1, ,
12/6/2020,63,65,5,5,3, ,
13/6/2020,97,27,7,2, , ,
14/6/2020,65,27,10,3, , ,
15/6/2020,66,30,6,4, , ,
16/6/2020,69,25,13,2, , ,
17/6/2020,63,18,6,3, , ,
18/6/2020,46,25,6,4, , ,
19/6/2020,60,25,5,3,4, ,
20/6/2020,59,24,6,3, , ,
21/6/2020,63,28,10,3, , ,
22/6/2020,72,27,12,4, , ,
23/6/2020,70,27,8,5,1, ,
24/6/2020,67,25,12,1, , ,
25/6/2020,61,19,8,2, , ,
26/6/2020,55,24,10,3, , ,
27/6/2020,61,41,14,2,2, ,
28/6/2020,93,40,7,5, , ,
29/6/2020,91,35,14,5, , ,
30/6/2020,74,37,10,6, , ,
1/1/2020,49,24,12, , , ,
2/1/2020,48,22,11, , , ,
3/1/2020,49,22,10,1, , ,
4/1/2020,50,25,13,1, , ,
5/1/2020,53,36,16,1, , ,
6/1/2020,69,28,12,2, , ,
7/1/2020,64,19,10, , , ,
8/1/2020,47,22,9, , , ,
9/1/2020,47,25,8,2, , ,
10/1/2020,56,25,9,2, , ,
11/1/2020,60,27,13,3, , ,
12/1/2020,65,24,13,1, , ,
13/1/2020,58,21,10, , , ,
14/1/2020,47,31,18,1, , ,
15/1/2020,63,38,12,3, , ,
16/1/2020,86,73,11,2, , ,
17/1/2020,124,31,12,1, , ,
18/1/2020,74,29,7, , , ,
19/1/2020,69,26,10,1, , ,
20/1/2020,59,23,8, , , ,
21/1/2020,53,21,8, , , ,
22/1/2020,51,19,9,1, , ,
23/1/2020,47,26,12,2,4, ,
24/1/2020,60,23,11,3, , ,
25/1/2020,59,24,12,3, , ,
26/1/2020,58,23,12,3, , ,
27/1/2020,59,58,10,3, , ,
28/1/2020,95,20,11,2, , ,
29/1/2020,54,18,11,2, , ,
30/1/2020,54,26,16,1, , ,
31/1/2020,59,29,15,1, , ,
1/2/2020,62,76,16, ,7, ,
2/2/2020,103,151,15,1,1, ,
3/2/2020,181,35,14,2, , ,
4/2/2020,78,26,11,3, , ,
5/2/2020,59,26,13,1, , ,
6/2/2020,58,34,15,2, , ,
7/2/2020,70,32,13,2, , ,
8/2/2020,70,23,13,2,3, ,
9/2/2020,60,27,12,1, , ,
10/2/2020,60,26,10, , , ,
11/2/2020,55,22,9,1, , ,
12/2/2020,52,21,8,1, , ,
13/2/2020,53,75,8,1,9, ,
14/2/2020,101,114,6,2, , ,
15/2/2020,129,22,9,2, , ,
16/2/2020,57,18,8,2, , ,
17/2/2020,51,24,13, , , ,
18/2/2020,53,32,13, , , ,
19/2/2020,61,32,13,1, , ,
20/2/2020,64,29,12,1, , ,
21/2/2020,58,36,13,1, , ,
22/2/2020,65,31,14, , , ,
23/2/2020,56,30,12, , , ,
24/2/2020,59,29,10, , , ,
25/2/2020,59,24,10, , , ,
26/2/2020,56,23,11, , , ,
27/2/2020,53,22,9, , , ,
28/2/2020,52,96,12,1, , ,
29/2/2020,86,25,10,2, , ,
1/3/2020,57,21,10,1, , ,
2/3/2020,55,22,6,1, , ,
3/3/2020,53,20,8, , , ,
4/3/2020,52,21,7,1, , ,
5/3/2020,52,20,7,1, , ,
6/3/2020,53,25,7,2, , ,
7/3/2020,60,28,14,2, , ,
8/3/2020,67,73,19,4,1, ,
9/3/2020,119,43,16,6, , ,
10/3/2020,96,39,15,5, , ,
11/3/2020,87,28,11,2, , ,
12/3/2020,70,17,7,1, , ,
13/3/2020,49,15,6, , , ,
14/3/2020,39,17,7, , , ,
15/3/2020,44,21,11, , , ,
16/3/2020,44,26,13,1, , ,
17/3/2020,56,26,10,2, , ,
18/3/2020,59,24,13,2, , ,
19/3/2020,58,19,14,1, , ,
20/3/2020,49,18,13,2, , ,
21/3/2020,51,23,14,2, , ,
22/3/2020,59,22,14,2, , ,
23/3/2020,56,20,11,1, , ,
24/3/2020,55,18,9, , , ,
25/3/2020,49,16,7, , , ,
26/3/2020,44,20,7,1, , ,
27/3/2020,51,20,9,1, , ,
28/3/2020,56,24,14,1, , ,
29/3/2020,62, , , , , ,
9/12/2019,65,31,20,2, , ,
10/12/2019,67,29,18,1, , ,
11/12/2019,66,31,17, , , ,
12/12/2019,69,27,14,1, , ,
13/12/2019,61,30,15,1, , ,
14/12/2019,63,23,11, , , ,
15/12/2019,55,22,8,1, , ,
16/12/2019,51,21,9, , , ,
17/12/2019,46,19,7,2, , ,
18/12/2019,47,20,8,1, , ,
19/12/2019,50,19,7, , , ,
20/12/2019,45,24,9,1, , ,
21/12/2019,49,27,10,3, , ,
22/12/2019,61,28,11,2, , ,
23/12/2019,65,26,11,2, , ,
24/12/2019,63,28,13,1, , ,
25/12/2019,65,26,11,2, , ,
26/12/2019,64,63,16,2, , ,
27/12/2019,102,26,17,1, , ,
28/12/2019,55,26,12,2, , ,
29/12/2019,58, , , , , ,
1/7/2019,90,44,13,4, , ,
2/7/2019,97,41,5,5, , ,
3/7/2019,90,36,8,5, , ,
4/7/2019,75,50,15,7, , ,
5/7/2019,111,41,14,6, , ,
6/7/2019,92,37,9,4, , ,
7/7/2019,78,78,10,5, , ,
8/7/2019,127,34,13,5, , ,
9/7/2019,77,31,14,6, , ,
10/7/2019,69,30,15,4, , ,
11/7/2019,74,31,11,6, , ,
12/7/2019,71,39,13,6, , ,
13/7/2019,83,27,9,4, , ,
14/7/2019,61,25,6,4, , ,
15/7/2019,56,23,6,3, , ,
16/7/2019,54,22,9,3, , ,
17/7/2019,50,22,11,3, , ,
18/7/2019,54,34,13,4, , ,
19/7/2019,80,47,17,6, , ,
20/7/2019,109,35,13,5, , ,
21/7/2019,83,38,13,5, , ,
22/7/2019,84,38,10,6, , ,
23/7/2019,84,32,10,5, , ,
24/7/2019,73,41,11,8, , ,
25/7/2019,92,36,12,6, , ,
26/7/2019,78,43,10,7, , ,
27/7/2019,93,37,7,4,1, ,
28/7/2019,78,46,8,3, , ,
29/7/2019,85,44,7,3, , ,
30/7/2019,75,48,6,3, , ,
31/7/2019,79,42,6,4, , ,
1/8/2019,74,43,14,4, , ,
2/8/2019,91,40,10,4, , ,
3/8/2019,90,47,12,3, , ,
4/8/2019,111,51,13,4, , ,
5/8/2019,117,46,11,3, , ,
6/8/2019,106,42,10,4, , ,
7/8/2019,95,32,6,3, , ,
8/8/2019,70,26,6,3, , ,
9/8/2019,60,26,5,3, , ,
10/8/2019,57,24,10,3, , ,
11/8/2019,61,39,14,5, , ,
12/8/2019,92,44,17,5, , ,
13/8/2019,102,31,9,4, , ,
14/8/2019,72,22,7,2, , ,
15/8/2019,50,22,6,3, , ,
16/8/2019,52,25,13,2, , ,
17/8/2019,64,26,13,3, , ,
18/8/2019,66,40,13,4, , ,
19/8/2019,91,46,13,3, , ,
20/8/2019,112,32,6,2, , ,
21/8/2019,74,51,7,1, , ,
22/8/2019,78,22,7,2, , ,
23/8/2019,52,22,6,3, , ,
24/8/2019,56,17,5,2, , ,
25/8/2019,45,31,6,4, , ,
26/8/2019,65,29,5,3, , ,
27/8/2019,63,26,5,2, , ,
28/8/2019,59,31,4,3, , ,
29/8/2019,67,28,7,4, , ,
30/8/2019,62,38,15,7, , ,
31/8/2019,81,39,10,4, , ,
1/9/2019,90,38,14,3, , ,
2/9/2019,81,51,11,5, , ,
3/9/2019,119,53,10,4, , ,
4/9/2019,129,57,14,6, , ,
5/9/2019,134,48,18,6, , ,
6/9/2019,115,58,20,8, , ,
7/9/2019,141,54,12,6, , ,
8/9/2019,134,48,12,6, , ,
9/9/2019,115,47,13,5, , ,
10/9/2019,114,50,15,5, , ,
11/9/2019,128,43,18,5, , ,
12/9/2019,108,48,10,5, , ,
13/9/2019,113,30,3,4, , ,
14/9/2019,69,19,5,3, , ,
15/9/2019,53,27,6,3, , ,
16/9/2019,63,26,6,3, , ,
17/9/2019,60,57,17,6, , ,
18/9/2019,126,63,14,5, , ,
19/9/2019,152,57,13,5, , ,
20/9/2019,142,65,18,5, , ,
21/9/2019,160,60,17,3, , ,
22/9/2019,146,51,15,1, , ,
23/9/2019,128,48,17,2, , ,
24/9/2019,115,34,13,1, , ,
25/9/2019,72,24,7,2, , ,
26/9/2019,66,22,8,2, , ,
27/9/2019,61,17,10,1, , ,
28/9/2019,52,14,11, , , ,
29/9/2019,46,24,10,4, , ,
30/9/2019,62,25,9,5, , ,
1/10/2019,61,27,8,5, , ,
2/10/2019,66,29,9,4, , ,
3/10/2019,73,29,13,4, , ,
4/10/2019,73,34,10,6, , ,
5/10/2019,79,29,12,4, , ,
6/10/2019,72, , , , , ,
1/4/2019,47,26,10,1, , ,
2/4/2019,42,21,8,1, , ,
3/4/2019,29,23,11,1, , ,
4/4/2019,42,24,11,1, , ,
5/4/2019,50,19,13,1, , ,
6/4/2019,56,17,15,1, , ,
7/4/2019,74,21,9,1, , ,
8/4/2019,54,20,11,1, , ,
9/4/2019,47,21,12,1, , ,
10/4/2019,46,22,9,1, , ,
11/4/2019,56,28,12,1, , ,
12/4/2019,54,28,13,1, , ,
13/4/2019,48,25,10,1, , ,
14/4/2019,48,22,14,1, , ,
15/4/2019,48,26,12,1, , ,
16/4/2019,57,30,11,1, , ,
17/4/2019,63,27,10,1, , ,
18/4/2019,67,30,8, , , ,
19/4/2019,54,28,7,1, , ,
20/4/2019,55,27,9,1, , ,
21/4/2019,55,23,15,1, , ,
22/4/2019,62,28,11,1, , ,
23/4/2019,60,17,9,1, , ,
24/4/2019,52,22,13,1, , ,
25/4/2019,50,29,16,1, , ,
26/4/2019,65,38,17,1, , ,
27/4/2019,71,25,15,1, , ,
28/4/2019,45,27,10,2, , ,
29/4/2019,63,26,11,1, , ,
30/4/2019,38,21,8,1, , ,
1/5/2019,39,24,7,1, , ,
2/5/2019,43,25,6, , , ,
3/5/2019,38,24,6,1, , ,
4/5/2019,33,18,8, , , ,
5/5/2019,17,17,9,1, , ,
6/5/2019,19,25,11, , , ,
7/5/2019,30,19,9,1, , ,
8/5/2019,37,24,7, , , ,
9/5/2019,30,31,6,1, , ,
10/5/2019,44,30,6,1, , ,
11/5/2019,40,25,5,1, , ,
12/5/2019,40,32,5, , , ,
13/5/2019,42,28,5, , , ,
14/5/2019,41,23,4,1, , ,
15/5/2019,34,24,6,1, , ,
16/5/2019,21,27,7,1, , ,
17/5/2019,27,30,8,1, , ,
18/5/2019,36,34,7, , , ,
19/5/2019,68,31,7,1, , ,
20/5/2019,39,27,7, , , ,
21/5/2019,29,20,7, , , ,
22/5/2019,21,23,9, , , ,
23/5/2019,32,25,14, ,1, ,
24/5/2019,38, , , , , ,
25/6/2019,110,25,6,3, , ,
26/6/2019,58,33,6,4, , ,
27/6/2019,68,44,11,6, , ,
28/6/2019,89,46,11,6, , ,
29/6/2019,107,42,10,4, , ,
30/6/2019,95,40,8,5, , ,
1/1/2019,52,27,27,2, , ,
2/1/2019,68,20,7,2,6, ,
3/1/2019,57,16,11,1,5, ,
4/1/2019,39,25,13,1,5, ,
5/1/2019,51,19,8, ,12, ,
6/1/2019,32,23,7,1,9, ,
7/1/2019,36,22,7,1,2, ,
8/1/2019,42,24,9,1,2, ,
9/1/2019,40,21,8,1,1, ,
10/1/2019,36,22,9,1,2, ,
11/1/2019,42,18,8,1,1, ,
12/1/2019,34,17,8,1,1, ,
13/1/2019,30,22,10,2,2, ,
14/1/2019,45,26,11,2,2, ,
15/1/2019,57,24,13,1,2, ,
16/1/2019,51,20,9,1, , ,
17/1/2019,34,25,10,1,1, ,
18/1/2019,42,23,13, ,1, ,
19/1/2019,36,23,11,1,2, ,
20/1/2019,40,25,11,2,2, ,
21/1/2019,49,25,15,2,3, ,
22/1/2019,55,29,15,1,2, ,
23/1/2019,55,32,20,1,2, ,
24/1/2019,67,35,25,1,2, ,
25/1/2019,73,32,24,1,2, ,
26/1/2019,70,28,15, ,3, ,
27/1/2019,56,31,16,1,1, ,
28/1/2019,57,35,15,1,1, ,
29/1/2019,62,24,12,1,3, ,
30/1/2019,48,20,11,2,2, ,
31/1/2019,40, , , , , ,
22/2/2019,44, ,12,1, , ,
23/2/2019,51, ,13,2, , ,
24/2/2019,46, ,13,1, , ,
25/2/2019,37, ,11,1, , ,
26/2/2019,34,25,11,1, , ,
27/2/2019,44,28,12,2, , ,
28/2/2019,54,30,16,2, , ,
1/3/2019,74,27,17,1, , ,
2/3/2019,63,31,17,1, , ,
3/3/2019,75,31,19,2, , ,
4/3/2019,75,28,16,2, , ,
5/3/2019,73,26,13,1, , ,
6/3/2019,67,24,11,1, , ,
15/3/2019,69, ,17,1, , ,
16/3/2019,74, ,17,1, , ,
17/3/2019,82, ,17,2, , ,
18/3/2019,78, ,12,1, , ,
19/3/2019,64,19,10,1, , ,
20/3/2019,49,25,10,1, , ,
21/3/2019,46,27,13,1, , ,
22/3/2019,62,34,15,2, , ,
23/3/2019,76,37,12,1, , ,
24/3/2019,74,31,11,3, , ,
25/3/2019,68,18,8,2, , ,
26/3/2019,37,22,11,2, , ,
27/3/2019,47,22,13,1, , ,
28/3/2019,51,27,10,1, , ,
29/3/2019,56,34,11,2, , ,
30/3/2019,51,38,9,2, , ,
31/3/2019,48,33,10,3,18, ,
1/10/2018,72,29,9,1,1, ,
2/10/2018,56,24,9,1,2, ,
3/10/2018,53,19,11,1,1, ,
4/10/2018,37,28,13,1,1, ,
5/10/2018,60,23,12,1,1, ,
6/10/2018,54,11,6,1,1, ,
7/10/2018,20,17,5,1,2, ,
8/10/2018,28, ,6,2, , ,
13/10/2018,33,29,11,1,4, ,
15/10/2018,58,21,9,1,1, ,
16/10/2018,46,26,8,1, , ,
17/10/2018,53,23,6,1, , ,
18/10/2018,50,18,6,1, , ,
19/10/2018,36,21,9,1, , ,
20/10/2018,46,21,10,1, , ,
21/10/2018,41,24,9,1, , ,
22/10/2018,53,31,8, , , ,
23/10/2018,66, , , , , ,
8/11/2018,40, ,9,1, , ,
9/11/2018,34, ,7,1, , ,
10/11/2018,23, ,6,1, , ,
11/11/2018,21, ,8,1, , ,
12/11/2018,33,13,6,1, , ,
13/11/2018,38,16,6,1, , ,
14/11/2018,30,11,8,1, , ,
15/11/2018,26,12,9,1, , ,
16/11/2018,35,15,10,1, , ,
17/11/2018,40,15,13,1, , ,
18/11/2018,40,22,11,2, , ,
19/11/2018,39,23,10,1, , ,
20/11/2018,39,14,18,1, , ,
21/11/2018,31,14,20,2, , ,
22/11/2018,40,23,18,2, , ,
23/11/2018,39,25,21,1, , ,
24/11/2018,45,25,27,1, , ,
25/11/2018,50,39,28,2, , ,
26/11/2018,68,19,22,2, , ,
27/11/2018,58,13,19,2, , ,
28/11/2018,31,14,15,1, , ,
29/11/2018,32,17,16,1, , ,
30/11/2018,42,18,15,1, , ,
1/12/2018,41,15,15,1, , ,
2/12/2018,40,18,15,2, , ,
3/12/2018,40,10,14,1, , ,
4/12/2018,25,14,15,1, , ,
5/12/2018,31,11,13,2, , ,
6/12/2018,36,9,13,1, , ,
7/12/2018,15,10,14,1, , ,
8/12/2018,23,13,12,1, , ,
9/12/2018,20,15,14,1, , ,
10/12/2018,22,16,15,1, , ,
11/12/2018,24,13,16,1, , ,
12/12/2018,26,21,17,1, , ,
13/12/2018,36,24,18,1, , ,
14/12/2018,37,19,19,2, , ,
15/12/2018,33,12,15,1, , ,
16/12/2018,13,17,17,1, , ,
17/12/2018,23,10,15,2, , ,
18/12/2018,22,11,17,2, , ,
19/12/2018,25,20,18,2, , ,
20/12/2018,32,27,16,1, , ,
21/12/2018,39,31,23,1, , ,
22/12/2018,55,37,26,1, , ,
23/12/2018,67,33,24,2, , ,
24/12/2018,66,25,22,2, , ,
25/12/2018,54,40,26,1, , ,
26/12/2018,65,36,19,1, , ,
27/12/2018,44,27,22,1, , ,
28/12/2018,39,27,23,1, , ,
29/12/2018,49,19,20,1, , ,
30/12/2018,40, , , , , ,
1/7/2018,54,33,9,1, , ,
2/7/2018,64,30,13,1, , ,
3/7/2018,67,39,11,2, , ,
4/7/2018,75,30,13,1, , ,
5/7/2018,62,32,12,1, , ,
6/7/2018,55,34,12,1,1, ,
7/7/2018,70,34,12,1,1, ,
8/7/2018,83,17,5,1, , ,
9/7/2018,35,26,8,1, , ,
10/7/2018,46,28,8,1,1, ,
11/7/2018,35,29,15,1, , ,
12/7/2018,52,43,21,2, , ,
13/7/2018,89,39,17,1, , ,
14/7/2018,78,40,16,1,1, ,
15/7/2018,77,43,21,2,1, ,
16/7/2018,73,35,7,2,1, ,
17/7/2018,71,29,12,1,1, ,
18/7/2018,58,45,20,2,2, ,
19/7/2018,89,40,8,2,2, ,
20/7/2018,73,32,8, ,1, ,
21/7/2018,42,19,7, ,2, ,
22/7/2018,39,26,10,1,2, ,
23/7/2018,47,32,8,1,1, ,
24/7/2018,59,41,9,1, , ,
25/7/2018,79,38,7,1, , ,
26/7/2018,66,29,5,1, , ,
27/7/2018,54,25,6,1, , ,
28/7/2018,53,19,6, , , ,
29/7/2018,38,19,4,1, , ,
30/7/2018,42,21,5,1, , ,
31/7/2018,38,28,6,1,1, ,
1/8/2018,50,32,13,1,1, ,
2/8/2018,58,28,11,1,2, ,
3/8/2018,53,26,5,1,3, ,
4/8/2018,47,25,7,1,3, ,
5/8/2018,46,24,7,2,3, ,
6/8/2018,45,36,7, ,1, ,
7/8/2018,49,35,6, , , ,
8/8/2018,50,27,7,1, , ,
9/8/2018,52,23,9,1,2, ,
10/8/2018,39,30,13,1,2, ,
11/8/2018,49,37,18,1,1, ,
12/8/2018,68,45,19,1,1, ,
13/8/2018,82,54,25,1, , ,
14/8/2018,102,67,26,1, , ,
15/8/2018,140,52,7,1, , ,
16/8/2018,96,25,6,1, , ,
17/8/2018,43,34,14,2, , ,
18/8/2018,60,36,10,2, , ,
19/8/2018,82,36,14,1, , ,
20/8/2018,68,31,6,1, , ,
21/8/2018,56,24,6, , , ,
22/8/2018,54,19,5,1, , ,
23/8/2018,39,35,11,2, , ,
24/8/2018,64,41,6,2,1, ,
25/8/2018,74,38,7,1,1, ,
26/8/2018,60,36,8,1,1, ,
27/8/2018,71,41,14,2,1, ,
28/8/2018,77,45,9,1,1, ,
29/8/2018,92,34,9,2,1, ,
30/8/2018,60,31,7,1,2, ,
31/8/2018,60,31,7,1,1, ,
1/9/2018,56,28,5, ,1, ,
2/9/2018,53,26,4,2,1, ,
3/9/2018,49,25,4,1, , ,
4/9/2018,45,21,6,1, , ,
5/9/2018,39,23,5,1,1, ,
6/9/2018,43,24,4, , , ,
7/9/2018,45,24,4,1, , ,
8/9/2018,46,28,6, , , ,
9/9/2018,55,25,6,1, , ,
10/9/2018,48,25,7,1, , ,
11/9/2018,55,25,5,1, , ,
12/9/2018,52,26,5,1, , ,
13/9/2018,52,20,4,1, , ,
14/9/2018,44,14,3, , , ,
15/9/2018,37,13,5,1, , ,
16/9/2018,26,17,16,1, , ,
17/9/2018,38,19,9,2, , ,
18/9/2018,35,25,8,1, , ,
19/9/2018,41,16,6,1, , ,
20/9/2018,32,30,5,1, , ,
21/9/2018,59,26,5,1, , ,
22/9/2018,48,21,10,1, , ,
23/9/2018,46,28,12,1,1, ,
24/9/2018,54,28,10,1, , ,
25/9/2018,60,28,13,1,1, ,
26/9/2018,61,31,9,1,2, ,
27/9/2018,66,20,6, ,1, ,
28/9/2018,40,20,7, ,2, ,
29/9/2018,44,27,15, ,1, ,
30/9/2018,61,34,12,1,1, ,
18/6/2018,43,17,22,3, , ,
19/6/2018,29,18,20,2, , ,
20/6/2018,41, , , , , ,
28/6/2018,62,29,17,1, , ,
29/6/2018,66,26,15,1, , ,
30/6/2018,54,28,10,1, , ,
20/1/2018,46,13, , , , ,
21/1/2018,40,15, ,1,1, ,
22/1/2018,41, , , , , ,
29/1/2018,62,26, ,2, , ,
30/1/2018,56, , , , , ,
25/2/2018,43,19, , , , ,
26/2/2018,43,16, , , , ,
27/2/2018,40, , , , , ,
25/12/2017,38,180,14,2, , ,
26/12/2017,38,147,18,1, , ,
27/12/2017,28,106,20,1, , ,
1/7/2017,53,29, ,2, , ,
2/7/2017,42,35, ,4,1, ,
3/7/2017,57,35, ,4,1, ,
4/7/2017,53,48, ,7,1, ,
5/7/2017,73,39, ,5,2, ,
6/7/2017,64,37, ,5, , ,
7/7/2017,65,41,2,6, , ,
8/7/2017,68,39,2,5, , ,
9/7/2017,55,33, ,4,2, ,
10/7/2017,47,39, ,5,1, ,
11/7/2017,56,46, ,5,1, ,
12/7/2017,72,40, ,5,1, ,
13/7/2017,68,38, ,5,2, ,
14/7/2017,58,42, ,5,4, ,
15/7/2017,47,48, ,5,5, ,
16/7/2017,65,54, ,6,3, ,
17/7/2017,87,55, ,5,3, ,
18/7/2017,90,62, ,8,6, ,
19/7/2017,101,58, ,6,4, ,
20/7/2017,87,54, ,6,2, ,
21/7/2017,66,58, ,6,1, ,
22/7/2017,87,55, ,6,5, ,
23/7/2017,90,55, ,5,6, ,
24/7/2017,98,52, ,7,3, ,
25/7/2017,79,50, ,6,4, ,
26/7/2017,77,56, ,6,4, ,
27/7/2017,96,39, ,5,3, ,
28/7/2017,50,35,6,4,4, ,
29/7/2017,44,36,10,5,3, ,
30/7/2017,71,26,18,4,1, ,
31/7/2017,52,24,16,3,2, ,
1/8/2017,47,28,16,3,6, ,
2/8/2017,45,35,16,4,10, ,
3/8/2017,62,23,13,4,2, ,
4/8/2017,49,25,14,5,5, ,
5/8/2017,45,32,18,7,10, ,
6/8/2017,59,34,22,6,11, ,
7/8/2017,64,31,12,5, , ,
8/8/2017,64,27,9,4,8, ,
9/8/2017,52,33,12,6, , ,
10/8/2017,54,29,6,4, , ,
11/8/2017,50,28,8,3, , ,
12/8/2017,47,28,10,3, , ,
13/8/2017,44,27,11,3,2, ,
14/8/2017,45,22,7,3,3, ,
15/8/2017,38,31,7,4,4, ,
16/8/2017,50,27,22,3,1, ,
17/8/2017,41,36,16,4,2, ,
18/8/2017,60,32,18,5,2, ,
19/8/2017,66,36,12,5,2, ,
20/8/2017,64,43,11,7,3, ,
21/8/2017,90,39,10,6,2, ,
22/8/2017,78,37,13,7,3, ,
23/8/2017,73,45,21,7,6, ,
24/8/2017,79,42,23,6,3, ,
25/8/2017,118,34,6,4, , ,
30/5/2017,73,36,10,5,4, ,
31/5/2017,59,47,21,7,3, ,
1/6/2017,77,40,9,6,2, ,
2/6/2017,67,44,20,7,4, ,
3/6/2017,72,39,17,6,1, ,
4/6/2017,68,43,22,6,2, ,
5/6/2017,76,35,25,5,3, ,
6/6/2017,53,37,23,4,4, ,
7/6/2017,53,38,26,5,3, ,
8/6/2017,61,47,31,6,2, ,
9/6/2017,78,59,28,6,2, ,
10/6/2017,101,49,29,6,1, ,
11/6/2017,86,47,35,6,1, ,
12/6/2017,72,43,28,6,3, ,
13/6/2017,57,50,31,7,3, ,
14/6/2017,88,36,34,6,3, ,
15/6/2017,69,36,22,5,6, ,
16/6/2017,65,43,32,7,8, ,
17/6/2017,74,33,20,4,6, ,
18/6/2017,57,45,19,6,5, ,
19/6/2017,69,47,15,7,7, ,
20/6/2017,82,43,20,6,7, ,
21/6/2017,72,46,4,6,1, ,
22/6/2017,72,40,8,6,2, ,
23/6/2017,62,28,8,4,4, ,
24/6/2017,49,35,19,5,5, ,
25/6/2017,60,34,18,6,5, ,
26/6/2017,52,37,9,5,1, ,
27/6/2017,56,28, ,4,1, ,
28/6/2017,41,35, ,4,2, ,
29/6/2017,55,33, ,4,1, ,
30/6/2017,50,32, ,3,1, ,
3/1/2017,31,18, ,2, , ,
4/1/2017,29,19, ,2,3, ,
5/1/2017,35,16, ,2,2, ,
6/1/2017,28,15, ,4,3, ,
7/1/2017,32,14, ,4,3, ,
8/1/2017,35,27, ,4,2, ,
9/1/2017,49,30, ,3,2, ,
10/1/2017,55,27, ,2,1, ,
11/1/2017,42,30, ,3,2, ,
12/1/2017,54,34, ,3,2, ,
13/1/2017,59,32, ,4,3, ,
14/1/2017,66,33, ,4,4, ,
15/1/2017,57,26, ,3,4, ,
16/1/2017,47,22, ,2,3, ,
17/1/2017,34,22, ,2, , ,
18/1/2017,43,32, ,2, , ,
19/1/2017,35,15, ,4,2, ,
20/1/2017,44,23, ,2,2, ,
21/1/2017,37,35, ,1,1, ,
22/1/2017,54,36, ,2,1, ,
23/1/2017,49,32, ,5,1, ,
24/1/2017,64,28, ,4,1, ,
25/1/2017,57,27, ,2, , ,
26/1/2017,43,38, ,2,1, ,
27/1/2017,51,40, ,2,2, ,
28/1/2017,58,36, ,3,1, ,
29/1/2017,61,44, ,4,3, ,
30/1/2017,72,30, ,3,3, ,
31/1/2017,55,37, ,3,1, ,
1/2/2017,54,42, ,3,3, ,
2/2/2017,77,37, ,3,2, ,
3/2/2017,78,24, ,2,1, ,
4/2/2017,38,24, ,3,2, ,
5/2/2017,41,36, ,4,1, ,
6/2/2017,60,37, ,4,1, ,
7/2/2017,69,44, ,4,1, ,
8/2/2017,69,38, ,5,4, ,
9/2/2017,66,33, ,4,2, ,
10/2/2017,61,36, ,2, , ,
11/2/2017,57,43, ,1, , ,
12/2/2017,61,41, ,1,1, ,
13/2/2017,64,39, ,2,1, ,
14/2/2017,58,34, ,1, , ,
15/2/2017,49,37, ,1,1, ,
16/2/2017,47,34, ,1,2, ,
17/2/2017,50,27, ,2,1, ,
18/2/2017,46,29, ,1,2, ,
19/2/2017,42,32, ,2,3, ,
20/2/2017,55,30, ,2,1, ,
21/2/2017,55,24, ,2,2, ,
22/2/2017,45,20, ,2,3, ,
23/2/2017,42,23, ,2,2, ,
24/2/2017,36,21, ,1,2, ,
25/2/2017,44,25, ,1,3, ,
26/2/2017,45, , , , , ,
1/10/2016,47,35,9,5,1, ,
2/10/2016,52,36,5,7, , ,
3/10/2016,48,33,7,4,4, ,
4/10/2016,52,29,10,5, , ,
5/10/2016,53,33,6,6,1, ,
6/10/2016,47,33,9,7,1, ,
7/10/2016,56,39,5,9,2, ,
8/10/2016,67,41,5,6,1, ,
9/10/2016,68,34,7,5,2, ,
10/10/2016,60,35,7,4,1, ,
11/10/2016,42,38,4,6,2, ,
12/10/2016,53,34,10,6,3, ,
13/10/2016,54,30,8,6,2, ,
14/10/2016,51,35,15,6,3, ,
15/10/2016,62,35,28,5,3, ,
16/10/2016,64,33,23,5,2, ,
17/10/2016,56,31,11,6,2, ,
18/10/2016,59,26,18,5,3, ,
19/10/2016,50,34,6,7,3, ,
20/10/2016,67,35,10,7,2, ,
21/10/2016,57,29,8,4,2, ,
22/10/2016,34,27,17,2,1, ,
23/10/2016,38,28,15,4,2, ,
24/10/2016,41,45,7,5,2, ,
25/10/2016,73,51,11,6,1, ,
26/10/2016,81,56,16,4,2, ,
27/10/2016,80,50,19,4,1, ,
28/10/2016,77,28,8,3,3, ,
29/10/2016,37,24,9,2,1, ,
30/10/2016,29,33,6,4, , ,
31/10/2016,38,37,10,6,2, ,
1/11/2016,46,37,17,4,2, ,
2/11/2016,49,32,14,4,4, ,
3/11/2016,36,28,10,7,4, ,
4/11/2016,34,32,4,5,3, ,
5/11/2016,23,36,4,4,4, ,
6/11/2016,38,43,6,5,1, ,
7/11/2016,58,50,14,5, , ,
8/11/2016,68,41,7,5, , ,
9/11/2016,49,37,19,3,1, ,
10/11/2016,42,33,9,2, , ,
11/11/2016,30,35,19,2, , ,
12/11/2016,31,36,11,3, , ,
13/11/2016,38,35,8,4, , ,
14/11/2016,33,38,7,4, , ,
15/11/2016,38,35,17,2, , ,
16/11/2016,33,37,15,3, , ,
17/11/2016,32,41,16,4, , ,
18/11/2016,43,39,13,4,1, ,
19/11/2016,45,36,21,3,2, ,
20/11/2016,44,41,18,4,2, ,
21/11/2016,48,45,19,5, , ,
22/11/2016,66,50,12,4, , ,
23/11/2016,82,37,15,3,1, ,
24/11/2016,48,33,19,2, , ,
25/11/2016,47,40,18,3, , ,
26/11/2016,38, ,21,2, , ,
27/11/2016,51,23,26,3, , ,
28/11/2016,48,19, ,2,1, ,
29/11/2016,35,31, ,4,3, ,
30/11/2016,53,19, ,6,1, ,
1/12/2016,35,16, ,4,2, ,
2/12/2016,28,16, ,4,1, ,
3/12/2016,30,17, ,3,1, ,
4/12/2016,28,18, ,4,2, ,
5/12/2016,34,19, ,2,3, ,
6/12/2016,30,24, ,2,2, ,
7/12/2016,40,21, ,2,1, ,
8/12/2016,37,23, ,2, , ,
9/12/2016,46,23, ,3,1, ,
10/12/2016,43,34, ,4,2, ,
11/12/2016,65,44, ,4, , ,
12/12/2016,81,54, ,5, , ,
13/12/2016,109,57, ,4,2, ,
14/12/2016,111,46, ,5,1, ,
15/12/2016,91,40, ,4,2, ,
16/12/2016,81,35, ,4,1, ,
17/12/2016,71,28, ,4,1, ,
18/12/2016,44,28, ,3,3, ,
19/12/2016,50,20, ,5,5, ,
20/12/2016,42,16, ,2,5, ,
21/12/2016,32,19, ,2,4, ,
22/12/2016,32,18, ,3,4, ,
23/12/2016,42,26, ,2,2, ,
24/12/2016,39,31, ,3,2, ,
25/12/2016,43,33, ,4,3, ,
26/12/2016,64,29, ,2,1, ,
27/12/2016,51,36, ,3, , ,
28/12/2016,56,31, ,2, , ,
29/12/2016,46,24, ,4, , ,
30/12/2016,49, , , , , ,
30/7/2016,70,39,29,11,5,6,
31/7/2016,63,35,22,8,6,5,
1/8/2016,51,29,20,7,9,5,
2/8/2016,59,35,13,10,7,6,
3/8/2016,67,40,20,9,7,5,
4/8/2016,71,40,21,10,8,5,
5/8/2016,71,40,25,10,7,6,
6/8/2016,79,44,17,10,5,6,
7/8/2016,81,46, ,15,6,8,
8/8/2016,77, , , , , ,
9/8/2016,64,38,23,10,3,7,
10/8/2016,50,30,18,6,11,5,
11/8/2016,55,34,17,10,15,6,
12/8/2016,65,40,1,10,10,6,
13/8/2016,59,36,6,8,7,6,
14/8/2016,41,38,21,8,4,5,
15/8/2016,62,40,28,8,5,6,
16/8/2016,51,39,14,8,40,6,
17/8/2016,61,40,23,8,15,6,
18/8/2016,59,39,33,7,4,6,
19/8/2016,56,39,19,7,11,5,
20/8/2016,63,42,20,9,16,6,
21/8/2016,60,38,27,9,21,5,
22/8/2016,56,39, ,9,25,5,
23/8/2016,60,38,23,8,18,5,
24/8/2016,56,30,30,11,13,6,
25/8/2016,55,31,53,10,4,5,
26/8/2016,59,38,46,10,3,5,
27/8/2016,59,41,13,9,1,5,
28/8/2016,58,37,9,9,1,5,
29/8/2016,91,40,38,7,25,3,
30/8/2016,151,38,20,6,18, ,
31/8/2016,107,43,14,5,2, ,
1/9/2016,76,45,17,4, , ,
2/9/2016,56,40,12,4,1, ,
3/9/2016,95,52,8,9,5, ,
4/9/2016,56,37,10,5, , ,
5/9/2016,51,36,13,5, , ,
6/9/2016,54,34,8,5,2, ,
7/9/2016,52,32,19,5,1, ,
8/9/2016,64,38,18,6, , ,
9/9/2016,46,34,12,5,1, ,
10/9/2016,60,40,13,6,3, ,
11/9/2016,61,43,16,5,2, ,
12/9/2016,72,49,16,7,1, ,
13/9/2016,57,44,13,6, , ,
14/9/2016,63,45,12,6, , ,
15/9/2016,55,45,16,7, , ,
16/9/2016,56,41,14,6, , ,
18/9/2016,34,32,5,4, , ,
19/9/2016,50,37,5,6,1, ,
20/9/2016,33,31,6,6,1, ,
21/9/2016,39,35,8,4, , ,
22/9/2016,37,32,6,6,1, ,
23/9/2016,45,32,5,7,2, ,
24/9/2016,62,40,1,6,6, ,
25/9/2016,65,38, ,6,7, ,
26/9/2016,57,43,4,7,6, ,
27/9/2016,62,38,16,5,1, ,
28/9/2016,40,32,8,4,1, ,
29/9/2016,44,32,6,5,1, ,
30/9/2016,39,34,16,4,1, ,
30/8/2020, ,39,17,6, , ,
31/3/2020, ,20,9,1, , ,
31/12/2019, ,24,14, ,1, ,
8/12/2019, ,30,19,1, , ,
24/6/2019, ,71,16,5,47, ,
31/12/2018, ,25,30,1, , ,
12/10/2018, ,29,6,1,12, ,
14/10/2018, ,24,9,1, , ,
17/6/2018, ,17,20,3, , ,
27/6/2018, ,31,16,2, , ,
19/1/2018, ,11, ,2, , ,
28/1/2018, ,25, ,3, , ,
24/2/2018, ,18, , , , ,
1/10/2017, ,32,7,3, , ,
2/10/2017, ,28,6,3, , ,
3/10/2017, ,40,4,5, , ,
4/10/2017, ,39,3, , , ,
5/10/2017, ,29,11, , , ,
6/10/2017, ,44,8, , , ,
15/10/2017, ,35,6, , , ,
16/10/2017, ,43,2, , , ,
26/8/2017, ,37,2,4, , ,
27/8/2017, ,26,5,4, , ,
28/8/2017, ,37,9,5, , ,
29/8/2017, ,31,7,4, , ,
30/8/2017, ,36,12,4, , ,
31/8/2017, ,35,9,4, , ,
1/9/2017, ,30,18,4, , ,
2/9/2017, ,30,10,4, , ,
3/9/2017, ,29,7,3, , ,
4/9/2017, ,33,6,4, , ,
9/9/2017, ,29,10,4, , ,
10/9/2017, ,27,10,3, , ,
11/9/2017, ,29,13,4, , ,
12/9/2017, ,31,8,5, , ,
13/9/2017, ,32,7,4, , ,
14/9/2017, ,27,7,3, , ,
15/9/2017, ,25,7,4, , ,
16/9/2017, ,29,17,3, , ,
17/9/2017, ,36,12,6, , ,
18/9/2017, ,31,8,4, , ,
19/9/2017, ,32,5,3, , ,
20/9/2017, ,24,4,4, , ,
21/9/2017, ,30,5,5, , ,
22/9/2017, ,35,5,4, , ,
23/9/2017, ,25,6,3, , ,
24/9/2017, ,29,8,4, , ,
25/9/2017, ,28,7,4, , ,
26/9/2017, ,33,7,5, , ,
27/9/2017, ,35,6,5, , ,
28/9/2017, ,26,5,4, , ,
29/9/2017, ,22,5,4, , ,
30/9/2017, ,32,7,3, , ,
29/5/2017, ,44,11,6, , ,
2/1/2017, ,19, ,3, , ,
1/7/2016, ,52,59,9,13,7,
2/7/2016, ,59,53,7,15,8,
3/7/2016, ,62,53,7,15,8,
4/7/2016, ,59,61,9,21,8,
5/7/2016, ,59,34,10,16,8,
6/7/2016, ,40,15,8,12,7,
7/7/2016, ,37,10,9,14,7,
8/7/2016, ,36,19,9,11,7,
9/7/2016, ,37,32,11,7,7,
10/7/2016, ,43,20,10,4,8,
11/7/2016, ,49,16,12,5,9,
12/7/2016, ,41,31,14,32,36,
13/7/2016, ,36,19,9,11,7,
14/7/2016, ,37,18,10,26,7,
15/7/2016, ,36,42,11,29,8,
16/7/2016, ,41,29,10,3,8,
17/7/2016, ,30,26,8,1,7,
18/7/2016, ,27,28,7,5,7,
19/7/2016, ,28,17,8,15,7,
20/7/2016, ,28,17,8,19,8,
21/7/2016, ,31,27,7,7,8,
22/7/2016, ,37,30,8,14,8,
23/7/2016, ,26,29,7,7,7,
24/7/2016, ,33,31,12,8,6,
25/7/2016, ,33,29,11,8,5,
26/7/2016, ,32,25,10,5,5,
27/7/2016, ,36,20,10,5,6,
28/7/2016, ,38,18,9,5,4,
29/7/2016, ,38,18,9,2,5,
1/4/2016, ,41,23,8,2, ,
2/4/2016, ,33,20, , , ,
3/4/2016, ,30,24, ,6, ,
4/4/2016, ,31,32, ,2, ,
5/4/2016, ,39,36,14,11, ,
6/4/2016, ,29,37,20,10, ,
7/4/2016, ,36,37,11,5, ,
8/4/2016, ,42,27,12,4, ,
9/4/2016, ,39,30,7,1, ,
10/4/2016, ,34,43,10,41, ,
11/4/2016, ,42,27,11, , ,
12/4/2016, ,44,39,11,3, ,
13/4/2016, ,50,33,6,1, ,
14/4/2016, ,39,45,7,1, ,
15/4/2016, ,48,52,5,2, ,
16/4/2016, ,51,41,9,2, ,
17/4/2016, ,52,33,14,6, ,
18/4/2016, ,48,26,10,6, ,
19/4/2016, ,29,25,10,3, ,
20/4/2016, ,27,31,10,5, ,
21/4/2016, ,34,33,5,4, ,
22/4/2016, ,38,37,11,2, ,
23/4/2016, ,37,49,8,4, ,
24/4/2016, ,44,50,12,3, ,
25/4/2016, ,45,44, ,6, ,
26/4/2016, ,42,46, ,8, ,
27/4/2016, ,40,44, ,8, ,
28/4/2016, ,50,41, ,8, ,
29/4/2016, ,60,47, ,4, ,
30/4/2016, ,46,29, ,4, ,
1/5/2016, ,42,31, ,4, ,
2/5/2016, ,37,31, ,3, ,
3/5/2016, ,41,25, ,8, ,
4/5/2016, ,37,20, ,11, ,
5/5/2016, ,24,27, ,9, ,
6/5/2016, ,41,27, ,10, ,
7/5/2016, ,33,24, ,10, ,
8/5/2016, ,37,29, ,8, ,
9/5/2016, ,47,30, ,3, ,
10/5/2016, ,36,40, ,4, ,
11/5/2016, ,50,43, ,3, ,
12/5/2016, ,34,48, ,4, ,
13/5/2016, ,59,27, ,3, ,
15/5/2016, ,22,16, ,5, ,
16/5/2016, ,45,30, ,6, ,
17/5/2016, ,39,33, ,5, ,
18/5/2016, ,41,43, ,16, ,
19/5/2016, ,37,36, ,26, ,
20/5/2016, ,33,17, ,38, ,
21/5/2016, ,33,16, ,36, ,
22/5/2016, ,41,19, ,37, ,
23/5/2016, ,34,22, ,36,7,
24/5/2016, ,34,19, ,8,5,
25/5/2016, ,35,20, ,22,4,
26/5/2016, ,28,20, ,19,6,
27/5/2016, ,34,32, ,30,8,
28/5/2016, ,41,22, ,1,4,
29/5/2016, ,27,22, ,10,6,
30/5/2016, ,31,23, ,6,6,
31/5/2016, ,29,25, , ,8,
1/6/2016, ,35,26,14,14,8,
2/6/2016, ,35,23,8,11,4,
3/6/2016, ,34,31,14,8,6,
4/6/2016, ,43,30,14,1,7,
5/6/2016, ,45,28,12, ,7,
6/6/2016, ,46,29,12,5,8,
7/6/2016, ,37,26,11,6,6,
8/6/2016, ,42,23,10,7,5,
9/6/2016, ,37,22,12,19,6,
10/6/2016, ,41,21,13,16,6,
11/6/2016, ,40,17,10,18,6,
12/6/2016, ,34,20,13,10,7,
13/6/2016, ,38,21,11,12,7,
14/6/2016, ,33,24,8,11,6,
15/6/2016, ,22,31,4,4,7,
16/6/2016, ,29,22,7,13,6,
17/6/2016, ,33,36,7,5,4,
18/6/2016, ,34,29,7, ,4,
19/6/2016, ,36,21,10,4,6,
20/6/2016, ,38,23,10,32,5,
21/6/2016, ,32,31,9,34,5,
22/6/2016, ,37,41,11,42,6,
23/6/2016, ,47,43,11,38,6,
24/6/2016, ,48,42,10,15,7,
25/6/2016, ,48,42,10,9,7,
26/6/2016, ,46,53,12,8,8,
27/6/2016, ,52,21,15,17,9,
28/6/2016, ,50,41,12,10,8,
29/6/2016, ,58,37,10,5,7,
30/6/2016, ,51,41,10,9,7,
4/1/2016, ,44,21,31,1,17,
5/1/2016, ,37,36,31,5,14,
6/1/2016, ,32,13,13,19,3,
7/1/2016, ,35,19,5,7, ,
8/1/2016, ,33,20,4,8, ,
9/1/2016, ,35,22,4,1, ,
10/1/2016, ,33,20,5,7, ,
11/1/2016, ,36,18,5,10, ,
12/1/2016, ,38,18,3,4, ,
13/1/2016, ,31,18,3,2, ,
14/1/2016, ,21,18,5,6, ,
15/1/2016, ,22,19,8,5, ,
16/1/2016, ,23,24,9,4, ,
17/1/2016, ,26,31,7,4, ,
18/1/2016, ,27,22,5,3, ,
19/1/2016, ,23,21,3,4, ,
20/1/2016, ,24,18,4,1, ,
21/1/2016, ,27,17,6,8, ,
22/1/2016, ,23,12,6,11, ,
23/1/2016, ,31,19,5,6, ,
24/1/2016, ,33,30,4,11, ,
25/1/2016, ,31,40,4,9, ,
26/1/2016, ,29,26,4,11, ,
27/1/2016, ,21,24,4,16, ,
28/1/2016, ,33,22,6,20, ,
29/1/2016, ,37,5,6,37, ,
30/1/2016, ,30,4,6,40, ,
31/1/2016, ,35,5,6,15, ,
1/2/2016, ,32,5,6,6, ,
2/2/2016, ,35,10,3,14, ,
3/2/2016, ,31,10,3,9, ,
4/2/2016, ,33,8,4,9, ,
5/2/2016, ,27,13,4,16, ,
6/2/2016, ,36,19,3,25, ,
7/2/2016, ,53,27,4,44, ,
8/2/2016, ,62,15,5,33, ,
9/2/2016, ,49,16,5,32, ,
10/2/2016, ,43,10,3,13, ,
11/2/2016, ,32,6,3,11, ,
12/2/2016, ,29,4,4,9, ,
13/2/2016, ,25,4,4,9, ,
14/2/2016, ,28,4,3,4, ,
15/2/2016, ,30, , , , ,
16/2/2016, ,34,10,1,2, ,
17/2/2016, ,48,28,2,2, ,
18/2/2016, ,39,28,1,2, ,
19/2/2016, ,38, , , , ,
20/2/2016, ,48, , , , ,
21/2/2016, ,44, , , , ,
22/2/2016, ,38, , , , ,
23/2/2016, ,46,23,1,5, ,
24/2/2016, ,43,33,1,5, ,
25/2/2016, ,43,36,1,10, ,
26/2/2016, ,43,37,1,18, ,
27/2/2016, ,37,40,1,15, ,
28/2/2016, ,38,43,2,14, ,
29/2/2016, ,38,59,2,5, ,
1/3/2016, ,46,52,2,4, ,
2/3/2016, ,45,44,2,4, ,
3/3/2016, ,46,39,2,1, ,
4/3/2016, ,42,39,3,14, ,
5/3/2016, ,42,39,1,5, ,
6/3/2016, ,37, , , , ,
29/3/2016, ,49,50,5,4, ,
30/3/2016, ,55,46,7, , ,
31/3/2016, ,53,29,12,2, ,
1/10/2015, ,45,17, ,7,8,
2/10/2015, ,41,30, ,5,14,
3/10/2015, ,71,42, ,5,17,
4/10/2015, ,92,40, ,8,22,
5/10/2015, ,109,41, ,6,18,
6/10/2015, ,90,48, ,13,15,
7/10/2015, ,71,42, ,10,14,
8/10/2015, ,63,35, ,11,14,
9/10/2015, ,57,34, ,11,13,
10/10/2015, ,47,41, ,9,13,
11/10/2015, ,45,33, ,8,11,
12/10/2015, ,37,26, ,7,7,
13/10/2015, ,32,19, ,6,7,
14/10/2015, ,33,27, ,6,7,
15/10/2015, ,40,25, ,7,6,
16/10/2015, ,27,26, ,7,7,
17/10/2015, ,40,26, ,3,7,
18/10/2015, ,41,32, ,4,9,
19/10/2015, ,56,42, ,9,13,
20/10/2015, ,93,44, ,14,21,
21/10/2015, ,184,46, ,14,23,
22/10/2015, ,195,47, ,24,18,
23/10/2015, ,128,40, ,35,14,
24/10/2015, ,76,27, ,38,8,
25/10/2015, ,47,26, ,41,6,
26/10/2015, ,26,26, ,44,12,
27/10/2015, ,28,23, ,44,9,
28/10/2015, ,20,20, ,36,9,
29/10/2015, ,41,18, ,8,8,
30/10/2015, ,25,20, ,9,7,
31/10/2015, ,20,24, ,16,7,
1/11/2015, ,19,18, ,32,7,
2/11/2015, ,21,19, ,41,7,
3/11/2015, ,21,19, ,40,7,
4/11/2015, ,17,25, ,25,7,
5/11/2015, ,19,20, ,28,7,
6/11/2015, ,18,29, ,17,9,
7/11/2015, ,31,28,28,10,8,
8/11/2015, ,30,17,37,20,10,
9/11/2015, ,34,19,22,26,7,
10/11/2015, ,21,20,27,32,7,
11/11/2015, ,19,17,36,34,8,
12/11/2015, ,27,19,43,24,9,
13/11/2015, ,25,19,30,18,9,
14/11/2015, ,25,18,33,28,9,
15/11/2015, ,25,23,32,17,9,
16/11/2015, ,29,22,27,29,8,
17/11/2015, ,23,19,32,28,7,
18/11/2015, ,19,20,27,18,6,
19/11/2015, ,24,17,28,17,6,
20/11/2015, ,21,20,36,18,7,
21/11/2015, ,26,19,29,18,7,
22/11/2015, ,22,16,35,17,7,
23/11/2015, ,18,12,31,31,7,
24/11/2015, ,19,18,31,25,7,
25/11/2015, ,24,21,30,14,3,
26/11/2015, ,22,24,34,16, ,
27/11/2015, ,23,19,34,12, ,
28/11/2015, ,17,17,31,18, ,
29/11/2015, ,21,13,43,34, ,
30/11/2015, ,24,16,43,47,1,
1/12/2015, ,24,26,45,49,1,
2/12/2015, ,30,28,41,48,1,
3/12/2015, ,28,16,43,51, ,
4/12/2015, ,26,23,48,54, ,
5/12/2015, ,21,21,41,55, ,
6/12/2015, ,25, ,43,56, ,
7/12/2015, ,28, ,40,56,1,
8/12/2015, ,28, ,43,62,1,
9/12/2015, ,30, ,47,63,1,
10/12/2015, ,35, ,43,63,1,
11/12/2015, ,32, ,39,47,1,
12/12/2015, ,33, ,38,62,1,
13/12/2015, ,31, ,35,40,2,
14/12/2015, ,43, ,36,48,3,
15/12/2015, ,37, ,38,62,2,
16/12/2015, ,49, ,30,5,2,
17/12/2015, ,31, ,32,8,10,
18/12/2015, ,33, ,35,2,18,
19/12/2015, ,58, ,31, ,17,
20/12/2015, ,57, ,33, ,17,
21/12/2015, ,58, ,33, ,16,
22/12/2015, ,46, ,35, ,16,
23/12/2015, ,38, ,37,2,16,
24/12/2015, ,32, ,33,5,15,
25/12/2015, ,39, ,35,2,14,
26/12/2015, ,43, ,32, ,14,
27/12/2015, ,42, ,32, ,15,
28/12/2015, ,51, ,30, ,15,
29/12/2015, ,42, ,28, ,17,
30/12/2015, ,46, , , , ,
3/1/2016, ,48,24,31,1,18,
1/7/2015, ,35,14,5,1,7,
2/7/2015, ,35,10,6,1,7,
3/7/2015, ,29,12,4,1,7,
4/7/2015, ,27,15,6,1,8,
5/7/2015, ,31,18,7,5,7,
6/7/2015, ,28,11,8,3,9,
7/7/2015, ,23,11,7,1,8,
8/7/2015, ,34,14,3, ,6,
9/7/2015, ,30,13,3,3,6,
10/7/2015, ,27,15,12,73,57,
11/7/2015, ,38,12,5,2,8,
12/7/2015, ,25,13,6,2,9,
13/7/2015, ,25,12,6,1,8,
14/7/2015, ,23,18,6,1,8,
15/7/2015, ,21,35,9,3,10,
16/7/2015, ,36,35,8,6,11,
17/7/2015, ,48,30,7,5,11,
18/7/2015, ,41,16,5,5,9,
19/7/2015, ,25,32,6,8,9,
20/7/2015, ,33,20,6,8,8,
21/7/2015, ,25,28,5,5,9,
22/7/2015, ,28,28,6,8,9,
23/7/2015, ,33,27,8,7,10,
24/7/2015, ,35,36,10,6,11,
25/7/2015, ,43,25,7,5,10,
26/7/2015, ,34,31,9,3,11,
27/7/2015, ,44,37,9,7,11,
28/7/2015, ,45,26,9,9,11,
29/7/2015, ,42,31,9,10,10,
30/7/2015, ,39,26,9,1,7,
31/7/2015, ,37,20,9, ,10,
1/8/2015, ,32,19,8,2,10,
2/8/2015, ,34,14,6,2,7,
3/8/2015, ,29,16,7,1,9,
4/8/2015, ,28,12,6, ,7,
5/8/2015, ,22,11,6, ,8,
6/8/2015, ,24,7,6, ,8,
7/8/2015, ,19,8,7, ,8,
8/8/2015, ,24,14,5,5,7,
9/8/2015, ,24,21,8,4,8,
10/8/2015, ,33,13,8,1,6,
11/8/2015, ,28,18,7,4,7,
12/8/2015, ,31,18,7,3,10,
13/8/2015, ,33,20,7,4,9,
14/8/2015, ,34,32,8,9,11,
15/8/2015, ,38,28,5,7,9,
16/8/2015, ,30,35,7,8,10,
17/8/2015, ,41,35,8,6,12,
18/8/2015, ,48,19, ,12,13,
25/8/2015, ,38,73,13,3,6,
26/8/2015, ,52,30, , ,2,
27/8/2015, ,48,36, , ,3,
28/8/2015, ,47,35, , ,3,
29/8/2015, ,45,30, , ,2,
30/8/2015, ,38,33, , ,4,
31/8/2015, ,52,26, , ,3,
1/9/2015, ,51,53, , ,6,
2/9/2015, ,69,29,44, ,9,
3/9/2015, ,74,32,40, ,1,
4/9/2015, ,51,38,35, ,2,
5/9/2015, ,40,16,36, , ,
6/9/2015, ,37,19,37, ,2,
7/9/2015, ,40,17,38,2,10,
8/9/2015, ,42,21,35,3,7,
9/9/2015, ,29,23,36,1,7,
10/9/2015, ,29,34,53,2,9,
11/9/2015, ,38,33,79,2,7,
12/9/2015, ,33,28,83,3,7,
13/9/2015, ,35,23,78,8,8,
14/9/2015, ,42,23,73,9,7,
15/9/2015, ,24,15,78,6,7,
16/9/2015, ,21,25, ,2,8,
17/9/2015, ,28,28, ,2,10,
18/9/2015, ,52,36, ,4,9,
19/9/2015, ,60,26, ,5,8,
20/9/2015, ,46,41, ,5,9,
21/9/2015, ,48,34, ,2,8,
22/9/2015, ,40,26, ,4,7,
23/9/2015, ,28,26, ,6,7,
24/9/2015, ,24,21, ,5,6,
25/9/2015, ,22,21, ,8,6,
26/9/2015, ,22,16, ,6,6,
27/9/2015, ,18,18, ,4,6,
28/9/2015, ,23,19, ,6,7,
29/9/2015, ,32,26, ,5,8,
30/9/2015, ,40,15, ,10,8,
1/4/2015, ,24,40,4, ,4,
2/4/2015, ,26,41,8, ,5,
3/4/2015, ,32,33,6,1,5,
4/4/2015, ,42,26,3, ,5,
5/4/2015, ,31,26,3,1,4,
6/4/2015, ,28,19,2,4,5,
7/4/2015, ,23,19,1, ,3,
8/4/2015, ,24,26,1,11,4,
10/4/2015, ,30,22,4,2,4,
11/4/2015, ,31,24,7,1,5,
12/4/2015, ,43,24,2,1,4,
13/4/2015, ,33, , , , ,
29/5/2015, ,29,34,7, ,5,
30/5/2015, ,26,21,5, ,7,
31/5/2015, ,26,30,5, ,8,
1/6/2015, ,25,20,4, ,10,
2/6/2015, ,11,29,2, ,10,
3/6/2015, ,13,25,3, ,12,
4/6/2015, ,18,42,4, ,14,
5/6/2015, ,24,21,4, ,16,
6/6/2015, ,19,27,4, ,17,
7/6/2015, ,23,19,5, ,18,
8/6/2015, ,21,22,3, ,18,
9/6/2015, ,13,23,3,2,16,
10/6/2015, ,15,32,3,3,9,
11/6/2015, ,14,18,4,6,9,
12/6/2015, ,19,20,4,5,9,
13/6/2015, ,14,15,2,3,9,
14/6/2015, ,14,14,2,3,10,
15/6/2015, ,15,15,4,3,10,
16/6/2015, ,14,21,5,3,10,
17/6/2015, ,27,24,6,5,9,
18/6/2015, ,32,37,8, ,4,
19/6/2015, ,40,14,10, ,5,
20/6/2015, ,42,21,7, ,4,
21/6/2015, ,44,27,7, ,5,
22/6/2015, ,49,23,6, ,4,
23/6/2015, ,55,39,6,1,5,
24/6/2015, ,56,26,8,1,7,
25/6/2015, ,63,39,8,1,7,
26/6/2015, ,62,40,7,1,7,
27/6/2015, ,53,43,6,1,8,
28/6/2015, ,57,38,10,2,8,
29/6/2015, ,50,22,6,2,7,
30/6/2015, ,49,14,4,1,6,
9/3/2015, ,22, ,2,5,2,
10/3/2015, ,24, ,1,7,1,
11/3/2015, ,24, ,2,8,1,
12/3/2015, ,27, ,2,7,1,
13/3/2015, ,23, , , , ,
16/3/2015, ,31, ,4,8,3,
17/3/2015, ,28, ,4,9,3,
18/3/2015, ,28, ,4,10,3,
19/3/2015, ,31, ,6,8,7,
20/3/2015, ,35, ,8, ,11,
21/3/2015, ,39, ,4, ,11,
22/3/2015, ,35, ,2, ,7,
23/3/2015, ,35, ,1, ,7,
26/3/2015, ,24,19,1, ,2,
27/3/2015, ,25,19,1, ,3,
28/3/2015, ,28,18,1, ,3,
29/3/2015, ,25,17,1, ,3,
30/3/2015, ,23,17,1, ,3,
31/3/2015, ,24,18,1, ,3,
1/10/2014, ,31,19,6, ,7,
2/10/2014, ,35,13,4, ,6,
3/10/2014, ,35,10,3, ,5,
4/10/2014, ,27,11,2, ,5,
5/10/2014, ,24,14,4,9,5,
6/10/2014, ,20,16,7,4,7,
7/10/2014, ,24,31,6, ,7,
8/10/2014, ,40,21,4,1,6,
9/10/2014, ,49,22,5,1,6,
10/10/2014, ,39,27,5,5,6,
11/10/2014, ,45,18,4, ,6,
12/10/2014, ,40,23,4,1,6,
13/10/2014, ,34,23,4, ,5,
14/10/2014, ,32,21,2, ,5,
15/10/2014, ,27, , , , ,
17/10/2014, ,28,23,5,8,6,
18/10/2014, ,24,23,3,9,6,
19/10/2014, ,25,14,3,10,8,
20/10/2014, ,27,14,3,11,9,
21/10/2014, ,43,17,4,12,9,
22/10/2014, ,36,15,4,11,8,
23/10/2014, ,37,16,5,7,8,
24/10/2014, ,31,22,7,6,9,
25/10/2014, ,35,24,3,5,8,
26/10/2014, ,31,15,6,9,9,
27/10/2014, ,31,21,5,9,9,
28/10/2014, ,40,19,7,9,8,
29/10/2014, ,37,18,6, ,4,
30/10/2014, ,40,18,3, ,4,
31/10/2014, ,41,7,3, ,3,
1/11/2014, ,34,21,3,1,3,
2/11/2014, ,31,31,4, ,4,
3/11/2014, ,32,27,5,1,5,
4/11/2014, ,51,23,4, ,4,
5/11/2014, ,32,25,3, ,3,
6/11/2014, ,31,13,5, ,5,
7/11/2014, ,34,11,1, ,2,
8/11/2014, ,30,19,3,1,2,
9/11/2014, ,17,23,3,1,3,
10/11/2014, ,21,26,8,1,6,
11/11/2014, ,33,21,2, ,2,
12/11/2014, ,29,24,3, ,2,
13/11/2014, ,26,24,3, ,2,
14/11/2014, ,24,16,2, ,2,
15/11/2014, ,23,18,2, ,2,
16/11/2014, ,23,42,1,53,3,
17/11/2014, ,26,72,4, ,3,
18/11/2014, ,28, , , , ,
20/11/2014, ,24,68,3, ,4,
21/11/2014, ,29,55,2, ,3,
22/11/2014, ,29,55,3, ,4,
23/11/2014, ,30,36,2, ,4,
24/11/2014, ,30,39,2, ,4,
25/11/2014, ,33,53,1, ,3,
26/11/2014, ,36,46,2, ,3,
27/11/2014, ,40,27,4, ,6,
28/11/2014, ,31,28,3, ,4,
29/11/2014, ,35, , , , ,
1/12/2014, ,46,53,6, ,6,
2/12/2014, ,51,66,5, ,6,
3/12/2014, ,53,52,4, ,6,
4/12/2014, ,45,50,3, ,4,
5/12/2014, ,47,74,4, ,5,
6/12/2014, ,37,43,4, ,5,
7/12/2014, ,40,50,2, ,4,
8/12/2014, ,30,54,2, ,5,
9/12/2014, ,32,60,1, ,4,
10/12/2014, ,29,61,4, ,6,
11/12/2014, ,31,60,4, ,6,
12/12/2014, ,40,53,5, ,5,
13/12/2014, ,36,48,1, ,4,
14/12/2014, ,31,54,3, ,5,
15/12/2014, ,23,44,4, ,6,
16/12/2014, ,31,57,3, ,4,
17/12/2014, ,31,74,2, ,4,
18/12/2014, ,24,64,2, ,5,
19/12/2014, ,33,53,2, ,4,
20/12/2014, ,31,60,1, ,4,
21/12/2014, ,26,51,5,1,4,
22/12/2014, ,30,36,2,1,5,
23/12/2014, ,33,35,2,3,4,
24/12/2014, ,33,28,1,3,3,
25/12/2014, ,31,20,2,5,3,
26/12/2014, ,28,19,2,2,3,
27/12/2014, ,28,20,1,6,4,
28/12/2014, ,31, , , , ,
1/7/2014, ,39,18,7,6,3,
2/7/2014, ,45,17,7,9,1,
3/7/2014, ,37,17,6,11,1,
4/7/2014, ,32, , , , ,
7/7/2014, ,33,11,7,9,4,
8/7/2014, ,34,14,8, ,6,
9/7/2014, ,36,15,6,1,1,
10/7/2014, ,34,12,7, ,1,
11/7/2014, ,33,12,7, ,1,
12/7/2014, ,35,22,9, ,1,
13/7/2014, ,48,30,13, ,3,
14/7/2014, ,50,24,10, ,3,
15/7/2014, ,53,18,6,1,2,
16/7/2014, ,38,13,6,1,2,
17/7/2014, ,43,18,9,2,2,
18/7/2014, ,45,9,14,2,3,
19/7/2014, ,51,34,10,2,3,
20/7/2014, ,67,19,9,3,3,
21/7/2014, ,65,12,9,4,4,
22/7/2014, ,63,12,8,6,2,
23/7/2014, ,58,19,7,5,2,
24/7/2014, ,57,22,6,1,2,
25/7/2014, ,52,13,9,2,3,
26/7/2014, ,45,27,5,1,1,
27/7/2014, ,40,14,6,3,2,
28/7/2014, ,44,7,7,3,1,
29/7/2014, ,42, , , , ,
31/7/2014, ,41,16,8,8,2,
1/8/2014, ,48,17,6,9,2,
2/8/2014, ,50,20,6,9,2,
3/8/2014, ,47,26,8,11,5,
4/8/2014, ,50,20,7,11,3,
5/8/2014, ,52,18,6, , ,
6/8/2014, ,39,19,7, ,1,
7/8/2014, ,38,9,8, ,1,
8/8/2014, ,36,27,7, , ,
9/8/2014, ,37,27,5,1, ,
10/8/2014, ,33,24,8, ,1,
11/8/2014, ,30,13,8,4,4,
12/8/2014, ,36,13,7,1,1,
13/8/2014, ,34,18,8,3,1,
14/8/2014, ,45,15,6,7,1,
15/8/2014, ,42,18,5,8,2,
16/8/2014, ,29,8,6,9,3,
17/8/2014, ,31,17,5, ,1,
18/8/2014, ,25,18,6,12,4,
19/8/2014, ,40,9,7,44,4,
20/8/2014, ,32,28,3,36,5,
21/8/2014, ,34,29,5,15,16,
23/8/2014, ,30,24,3, ,3,
24/8/2014, ,31,17,4, ,4,
25/8/2014, ,38,10,4, ,3,
26/8/2014, ,35,11,2, ,3,
27/8/2014, ,23,12,5, ,4,
28/8/2014, ,29,12,7, ,5,
29/8/2014, ,41,18,5, ,4,
30/8/2014, ,44,18,6, ,5,
31/8/2014, ,34,17,7, ,5,
1/9/2014, ,35,27,7, ,5,
2/9/2014, ,37,20,9, ,6,
3/9/2014, ,40,17,4, ,4,
4/9/2014, ,36,9,4, ,4,
5/9/2014, ,39,10,4,1,5,
6/9/2014, ,36,11,5, ,5,
7/9/2014, ,38,14,5, ,4,
8/9/2014, ,31,12,4, ,4,
9/9/2014, ,30,14,3, ,4,
10/9/2014, ,20,11,5, ,5,
11/9/2014, ,27,12,4,1,5,
12/9/2014, ,28,13,4, ,5,
13/9/2014, ,25,13,3,2,4,
14/9/2014, ,19,11,3, ,4,
15/9/2014, ,20,7,7,1,5,
16/9/2014, ,30,24,9,1,8,
17/9/2014, ,35,30,4, ,7,
18/9/2014, ,51,23,3, ,5,
19/9/2014, ,45,13,4, ,5,
20/9/2014, ,44,10,3, ,5,
21/9/2014, ,33,22,4, ,5,
22/9/2014, ,35,24,4, ,5,
23/9/2014, ,34,13,4, ,6,
24/9/2014, ,33,32,6, ,7,
25/9/2014, ,47,27,5, ,7,
26/9/2014, ,43,35,4,1,7,
27/9/2014, ,44,28,6,2,8,
28/9/2014, ,44,30,6,3,7,
29/9/2014, ,36,22,3,1,6,
30/9/2014, ,30,27,5,1,8,
1/4/2014, ,42, , , , ,
2/4/2014, ,30,17,7, ,3,
3/4/2014, ,16,14,13, ,5,
4/4/2014, ,40,12,13,8,7,
5/4/2014, ,50,5,8,1,6,
12/4/2014, ,53, , , ,6,
14/4/2014, ,46,22,10,1, ,
15/4/2014, ,49,17,7,2,5,
16/4/2014, ,40,15,11,4,6,
17/4/2014, ,48,14,11,4,6,
18/4/2014, ,45,18,11,4,7,
19/4/2014, ,51,18,13, ,10,
20/4/2014, ,43, , , ,8,
22/4/2014, ,42,17,10, ,5,
23/4/2014, ,40,10,11, ,5,
24/4/2014, ,39,14,18,2,4,
25/4/2014, ,40,20,6,2,2,
26/4/2014, ,48,22,5,7,1,
27/4/2014, ,35,29,5, ,1,
28/4/2014, ,37,18,4,7,1,
29/4/2014, ,38,21,7,1,1,
30/4/2014, ,42,24,8,8,2,
1/5/2014, ,39,24,13,6,2,
2/5/2014, ,52,23,9,7,3,
3/5/2014, ,51,18,2,7,3,
4/5/2014, ,41,12,5,10,1,
5/5/2014, ,26,16,4,9,2,
6/5/2014, ,32,16,4,10,1,
7/5/2014, ,29,20,8,9,2,
8/5/2014, ,35,25,8,11,2,
9/5/2014, ,41,24,12,10,3,
10/5/2014, ,46,27,8,11,2,
11/5/2014, ,47,24,8,9,2,
12/5/2014, ,39,17,7,10,1,
13/5/2014, ,34,16,10,8,2,
14/5/2014, ,40,18,7,13,2,
15/5/2014, ,41,18,7,11,1,
16/5/2014, ,34,22,10,12,3,
17/5/2014, ,33,11,10,11,2,
18/5/2014, ,41,32,7,10,2,
19/5/2014, ,38,27,9,11,2,
20/5/2014, ,35,29,9,14,3,
21/5/2014, ,37,20,8,14,2,
22/5/2014, ,39,23,7,15,2,
23/5/2014, ,39,25,5,13,2,
24/5/2014, ,38,28,6,15,2,
25/5/2014, ,34,26,4,15,1,
26/5/2014, ,29,24,10,11,3,
27/5/2014, ,38,26,11,3,4,
28/5/2014, ,47,20,6,6,2,
29/5/2014, ,40,18,7,5,2,
30/5/2014, ,31,17,7,6,2,
31/5/2014, ,33,17,5,6,2,
1/6/2014, ,31,25,9,5,3,
2/6/2014, ,33,18,7,6,3,
3/6/2014, ,41,14,8,7,3,
4/6/2014, ,39,18,8,7,4,
5/6/2014, ,33,31,7,10,3,
6/6/2014, ,40,34,8,9,3,
7/6/2014, ,40,27,7,12,3,
8/6/2014, ,43,22,9,9,4,
9/6/2014, ,44,22,9,11,4,
10/6/2014, ,45,12,8,10,4,
11/6/2014, ,49,8,9,5,2,
12/6/2014, ,40,14,10,6,2,
13/6/2014, ,46,19,12,1,2,
14/6/2014, ,47,26,8,2,1,
15/6/2014, ,50,25,11,2,2,
16/6/2014, ,58,28,7,1,1,
17/6/2014, ,56,32,19,4,7,
18/6/2014, ,62,19,9,2,4,
19/6/2014, ,60,26,11,1,2,
20/6/2014, ,58,25,9,1,1,
21/6/2014, ,67,11,9,5,2,
22/6/2014, ,64,12,7,9,1,
23/6/2014, ,55,13,10,9,2,
24/6/2014, ,55,31,12,5,2,
25/6/2014, ,55,45,10, ,2,
26/6/2014, ,60,14,12, ,4,
27/6/2014, ,59, , , , ,
3/1/2014, ,42, , , , ,
6/1/2014, ,39,23,5,10,5,
7/1/2014, ,40,20,6,2,6,
8/1/2014, ,53,17,5,1,5,
15/1/2014, ,35,38,6,7,6,
16/1/2014, ,46,37,4, ,6,
17/1/2014, ,45, , , , ,
20/1/2014, ,42, , , , ,
22/1/2014, ,45,48,3,1,8,
23/1/2014, ,53,40,3,2,7,
24/1/2014, ,65, , , , ,
27/1/2014, ,53, ,10,8,10,
29/1/2014, ,31,23,2,5,6,
30/1/2014, ,36,21,2,2,6,
31/1/2014, ,36, , , , ,
3/2/2014, ,49,8,21,10,17,
4/2/2014, ,62,21, ,12,11,
5/2/2014, ,54,15, ,8,12,
6/2/2014, ,46,12, , ,10,
7/2/2014, ,40,8,16, ,11,
8/2/2014, ,44, , , , ,
10/2/2014, ,47,11,13,4,10,
11/2/2014, ,48,12,8, ,7,
12/2/2014, ,38,17,3,2,6,
13/2/2014, ,40, , , , ,
14/2/2014, ,38, , , , ,
16/2/2014, ,44,21,1,2,6,
17/2/2014, ,39,16,3,5,7,
18/2/2014, ,40,13,7,2,5,
19/2/2014, ,40,19,2, ,3,
20/2/2014, ,40,24,1,61,3,
23/2/2014, ,32,26,3, , ,
24/2/2014, ,41,24,7, ,4,
25/2/2014, ,42,21,4, ,3,
26/2/2014, ,47,18,1,4,2,
27/2/2014, ,32,18,2, ,2,
28/2/2014, ,29,12,8,21,4,
1/3/2014, ,34,8,5,40,4,
2/3/2014, ,41,20,9, ,5,
3/3/2014, ,49,28,8, ,4,
4/3/2014, ,50,26,2, ,3,
5/3/2014, ,46,20,4, ,2,
6/3/2014, ,40, , , , ,
7/3/2014, ,34,23,1, ,2,
8/3/2014, ,32, , , , ,
10/3/2014, ,40,19,3, ,3,
11/3/2014, ,35,20,7, ,4,
12/3/2014, ,39,18,6,8,4,
13/3/2014, ,44,17,3,5,3,
14/3/2014, ,42,14,2,5,4,
15/3/2014, ,34, , , , ,
17/3/2014, ,39,13,1,1,3,
18/3/2014, ,34,12, , ,5,
19/3/2014, ,37,15,9,1,6,
20/3/2014, ,51,14,18,7,10,
21/3/2014, ,58, , , , ,
25/3/2014, ,39,15,1, ,4,
26/3/2014, ,36,20,1, ,4,
27/3/2014, ,36,13,6, ,5,
28/3/2014, ,39,12,2, ,4,
29/3/2014, ,31,12,1,8,4,
30/3/2014, ,23,16,1, ,5,
31/3/2014, ,30,12,13,1,8,
21/2/2019, , ,9,2, , ,
14/3/2019, , ,17,2, , ,
9/10/2018, , ,9,2, , ,
10/10/2018, , ,8,2, , ,
11/10/2018, , ,6,1, , ,
7/11/2018, , ,10,1, , ,
22/6/2018, , ,7,1, , ,
23/6/2018, , ,6,1, , ,
24/6/2018, , ,5,1, , ,
25/6/2018, , ,11,1, , ,
26/6/2018, , ,9,1, , ,
14/5/2016, , ,40, ,2, ,
28/3/2016, , ,43,3,4, ,
2/1/2016, , ,33,36, ,18,
19/8/2015, , ,13, ,17,8,
20/8/2015, , ,12,8,14,10,
21/8/2015, , ,12,8,16,11,
22/8/2015, , ,16,6,14,10,
23/8/2015, , ,13,8,12,10,
24/8/2015, , ,20,10,7,8,
9/4/2015, , ,17,1,6,4,
28/5/2015, , ,17,10,41,8,
24/3/2015, , ,16,1,8,6,
25/3/2015, , ,19,1, ,2,
16/10/2014, , ,19,4,22,7,
19/11/2014, , ,47,5, ,4,
30/11/2014, , ,61,4, ,4,
30/6/2014, , ,6,10, ,5,
6/7/2014, , ,13,6,13,1,
30/7/2014, , ,12,6,6,3,
22/8/2014, , ,23,3,3,2,
6/4/2014, , ,15,7,5,3,
7/4/2014, , ,12,9,5,5,
8/4/2014, , ,20,10,2,6,
9/4/2014, , ,14,10,2,5,
10/4/2014, , ,14,11,5,6,
11/4/2014, , ,14,13, ,6,
13/4/2014, , ,18,11, , ,
21/4/2014, , ,19,11, ,5,
2/1/2014, , ,22,6, ,6,
5/1/2014, , ,20,6,2,4,
9/1/2014, , ,18,3,2,4,
10/1/2014, , ,28,3,4,4,
11/1/2014, , ,24,2,7,4,
12/1/2014, , ,21,4,5, ,
13/1/2014, , ,22,6,4, ,
14/1/2014, , ,27,5, ,5,
21/1/2014, , ,35,3,11,6,
26/1/2014, , ,25,6,8,7,
28/1/2014, , ,20,1,4,6,
2/2/2014, , ,6,13,10,15,
9/2/2014, , ,9,22,2,13,
15/2/2014, , ,28,2,5,6,
22/2/2014, , ,23,4, ,3,
9/3/2014, , ,22,3, ,3,
16/3/2014, , ,11,3,1,3,
22/3/2014, , ,24,1, ,4,
23/3/2014, , ,19,3, ,4,
24/3/2014, , ,20,1,1,5,
8/3/2015, , , ,3,1,2,
15/3/2015, , , ,2,9,3,
24/12/2017, , , , ,2, ,
12/6/2018, , , , , , ,
13/6/2018, , , , , , ,
14/6/2018, , , , , , ,
15/6/2018, , , , , , ,
16/6/2018, , , , , , ,
